RaceID,Year,RaceName,Circuit,Driver,Team,LapNumber,Position,LapTime_Seconds,Compound,TireAge,Stint,PitOutTime,PitInTime,AirTemp,TrackTemp,Rainfall,ValidLap,ExclusionReason
BEL23,2023,Belgian Grand Prix,Spa-Francorchamps,ALB,Williams,1,10,120.359,SOFT,1.0,1,,,18.0,28.6,False,True,
BEL23,2023,Belgian Grand Prix,Spa-Francorchamps,ALB,Williams,2,9,114.821,SOFT,2.0,1,,,18.0,29.0,False,True,
BEL23,2023,Belgian Grand Prix,Spa-Francorchamps,ALB,Williams,3,9,113.907,SOFT,3.0,1,,,18.1,30.1,False,True,
BEL23,2023,Belgian Grand Prix,Spa-Francorchamps,ALB,Williams,4,8,115.004,SOFT,4.0,1,,,18.1,30.4,False,True,
BEL23,2023,Belgian Grand Prix,Spa-Francorchamps,ALB,Williams,5,7,115.653,SOFT,5.0,1,,,18.1,31.4,False,True,
BEL23,2023,Belgian Grand Prix,Spa-Francorchamps,ALB,Williams,6,7,114.309,SOFT,6.0,1,,,18.1,31.5,False,True,
BEL23,2023,Belgian Grand Prix,Spa-Francorchamps,ALB,Williams,7,9,118.541,SOFT,7.0,1,,,18.1,30.6,False,True,
BEL23,2023,Belgian Grand Prix,Spa-Francorchamps,ALB,Williams,8,13,127.31,MEDIUM,1.0,2,,,18.1,30.1,False,True,
BEL23,2023,Belgian Grand Prix,Spa-Francorchamps,ALB,Williams,9,11,111.937,MEDIUM,2.0,2,,,18.2,29.6,False,True,
BEL23,2023,Belgian Grand Prix,Spa-Francorchamps,ALB,Williams,10,10,111.774,MEDIUM,3.0,2,,,18.3,29.9,False,True,
BEL23,2023,Belgian Grand Prix,Spa-Francorchamps,ALB,Williams,11,11,113.93,MEDIUM,4.0,2,,,18.2,29.2,False,True,
BEL23,2023,Belgian Grand Prix,Spa-Francorchamps,ALB,Williams,12,10,113.815,MEDIUM,5.0,2,,,18.1,28.8,False,True,
BEL23,2023,Belgian Grand Prix,Spa-Francorchamps,ALB,Williams,13,10,113.705,MEDIUM,6.0,2,,,18.0,28.4,False,True,
BEL23,2023,Belgian Grand Prix,Spa-Francorchamps,ALB,Williams,14,10,113.822,MEDIUM,7.0,2,,,18.0,28.3,False,True,
BEL23,2023,Belgian Grand Prix,Spa-Francorchamps,ALB,Williams,15,10,114.522,MEDIUM,8.0,2,,,18.2,28.3,False,True,
BEL23,2023,Belgian Grand Prix,Spa-Francorchamps,ALB,Williams,16,11,115.068,MEDIUM,9.0,2,,,18.2,28.8,False,True,
BEL23,2023,Belgian Grand Prix,Spa-Francorchamps,ALB,Williams,17,11,114.996,MEDIUM,10.0,2,,,18.2,28.3,False,True,
BEL23,2023,Belgian Grand Prix,Spa-Francorchamps,ALB,Williams,18,11,114.701,MEDIUM,11.0,2,,,18.0,27.9,False,True,
BEL23,2023,Belgian Grand Prix,Spa-Francorchamps,ALB,Williams,19,11,115.183,MEDIUM,12.0,2,,,17.9,27.5,True,True,
BEL23,2023,Belgian Grand Prix,Spa-Francorchamps,ALB,Williams,20,10,116.307,MEDIUM,13.0,2,,,17.7,27.2,True,True,
BEL23,2023,Belgian Grand Prix,Spa-Francorchamps,ALB,Williams,21,10,116.16,MEDIUM,14.0,2,,,17.5,26.0,True,True,
BEL23,2023,Belgian Grand Prix,Spa-Francorchamps,ALB,Williams,22,9,115.435,MEDIUM,15.0,2,,,17.3,25.3,True,True,
BEL23,2023,Belgian Grand Prix,Spa-Francorchamps,ALB,Williams,23,10,119.277,MEDIUM,16.0,2,,,17.1,25.0,True,True,
BEL23,2023,Belgian Grand Prix,Spa-Francorchamps,ALB,Williams,24,15,126.441,MEDIUM,1.0,3,,,17.0,25.0,False,True,
BEL23,2023,Belgian Grand Prix,Spa-Francorchamps,ALB,Williams,25,12,111.432,MEDIUM,2.0,3,,,16.8,25.6,False,True,
BEL23,2023,Belgian Grand Prix,Spa-Francorchamps,ALB,Williams,26,10,111.563,MEDIUM,3.0,3,,,16.9,26.1,False,True,
BEL23,2023,Belgian Grand Prix,Spa-Francorchamps,ALB,Williams,27,10,111.888,MEDIUM,4.0,3,,,17.0,26.9,False,True,
BEL23,2023,Belgian Grand Prix,Spa-Francorchamps,ALB,Williams,28,10,112.076,MEDIUM,5.0,3,,,17.3,27.9,False,True,
BEL23,2023,Belgian Grand Prix,Spa-Francorchamps,ALB,Williams,29,10,112.691,MEDIUM,6.0,3,,,17.6,29.5,False,True,
BEL23,2023,Belgian Grand Prix,Spa-Francorchamps,ALB,Williams,30,11,113.203,MEDIUM,7.0,3,,,17.7,30.6,False,True,
BEL23,2023,Belgian Grand Prix,Spa-Francorchamps,ALB,Williams,31,11,112.731,MEDIUM,8.0,3,,,18.1,31.0,False,True,
BEL23,2023,Belgian Grand Prix,Spa-Francorchamps,ALB,Williams,32,12,114.306,MEDIUM,9.0,3,,,18.4,31.0,False,True,
BEL23,2023,Belgian Grand Prix,Spa-Francorchamps,ALB,Williams,33,15,117.737,MEDIUM,10.0,3,,,18.5,29.7,False,True,
BEL23,2023,Belgian Grand Prix,Spa-Francorchamps,ALB,Williams,34,18,125.488,SOFT,1.0,4,,,18.4,29.3,False,True,
BEL23,2023,Belgian Grand Prix,Spa-Francorchamps,ALB,Williams,35,17,109.841,SOFT,2.0,4,,,18.8,30.7,False,True,
BEL23,2023,Belgian Grand Prix,Spa-Francorchamps,ALB,Williams,36,17,110.82,SOFT,3.0,4,,,18.9,30.0,False,True,
BEL23,2023,Belgian Grand Prix,Spa-Francorchamps,ALB,Williams,37,17,111.065,SOFT,4.0,4,,,18.8,29.1,False,True,
BEL23,2023,Belgian Grand Prix,Spa-Francorchamps,ALB,Williams,38,17,111.575,SOFT,5.0,4,,,18.7,28.8,False,True,
BEL23,2023,Belgian Grand Prix,Spa-Francorchamps,ALB,Williams,39,17,112.918,SOFT,6.0,4,,,18.8,28.8,False,True,
BEL23,2023,Belgian Grand Prix,Spa-Francorchamps,ALB,Williams,40,15,112.75,SOFT,7.0,4,,,19.0,29.9,False,True,
BEL23,2023,Belgian Grand Prix,Spa-Francorchamps,ALB,Williams,41,15,112.064,SOFT,8.0,4,,,19.1,29.7,False,True,
BEL23,2023,Belgian Grand Prix,Spa-Francorchamps,ALB,Williams,42,14,112.918,SOFT,9.0,4,,,19.1,28.9,False,True,
BEL23,2023,Belgian Grand Prix,Spa-Francorchamps,ALB,Williams,43,14,111.14,SOFT,10.0,4,,,18.9,28.4,False,True,
BEL23,2023,Belgian Grand Prix,Spa-Francorchamps,ALB,Williams,44,14,111.451,SOFT,11.0,4,,,18.7,28.3,False,True,
BEL23,2023,Belgian Grand Prix,Spa-Francorchamps,ALO,Aston Martin,1,6,118.27,MEDIUM,1.0,1,,,18.0,28.6,False,True,
BEL23,2023,Belgian Grand Prix,Spa-Francorchamps,ALO,Aston Martin,2,6,114.343,MEDIUM,2.0,1,,,18.0,29.0,False,True,
BEL23,2023,Belgian Grand Prix,Spa-Francorchamps,ALO,Aston Martin,3,6,114.585,MEDIUM,3.0,1,,,18.1,30.1,False,True,
BEL23,2023,Belgian Grand Prix,Spa-Francorchamps,ALO,Aston Martin,4,5,113.395,MEDIUM,4.0,1,,,18.1,30.4,False,True,
BEL23,2023,Belgian Grand Prix,Spa-Francorchamps,ALO,Aston Martin,5,5,113.596,MEDIUM,5.0,1,,,18.1,31.4,False,True,
BEL23,2023,Belgian Grand Prix,Spa-Francorchamps,ALO,Aston Martin,6,5,113.643,MEDIUM,6.0,1,,,18.1,31.5,False,True,
BEL23,2023,Belgian Grand Prix,Spa-Francorchamps,ALO,Aston Martin,7,5,113.455,MEDIUM,7.0,1,,,18.1,30.6,False,True,
BEL23,2023,Belgian Grand Prix,Spa-Francorchamps,ALO,Aston Martin,8,5,113.585,MEDIUM,8.0,1,,,18.1,30.1,False,True,
BEL23,2023,Belgian Grand Prix,Spa-Francorchamps,ALO,Aston Martin,9,5,113.456,MEDIUM,9.0,1,,,18.2,29.6,False,True,
BEL23,2023,Belgian Grand Prix,Spa-Francorchamps,ALO,Aston Martin,10,5,118.157,MEDIUM,10.0,1,,,18.2,29.8,False,True,
BEL23,2023,Belgian Grand Prix,Spa-Francorchamps,ALO,Aston Martin,11,9,128.573,MEDIUM,1.0,2,,,18.2,29.2,False,True,
BEL23,2023,Belgian Grand Prix,Spa-Francorchamps,ALO,Aston Martin,12,8,111.942,MEDIUM,2.0,2,,,18.0,29.1,False,True,
BEL23,2023,Belgian Grand Prix,Spa-Francorchamps,ALO,Aston Martin,13,8,112.499,MEDIUM,3.0,2,,,18.0,28.4,False,True,
BEL23,2023,Belgian Grand Prix,Spa-Francorchamps,ALO,Aston Martin,14,8,111.886,MEDIUM,4.0,2,,,18.0,28.3,False,True,
BEL23,2023,Belgian Grand Prix,Spa-Francorchamps,ALO,Aston Martin,15,6,113.029,MEDIUM,5.0,2,,,18.2,28.3,False,True,
BEL23,2023,Belgian Grand Prix,Spa-Francorchamps,ALO,Aston Martin,16,5,112.635,MEDIUM,6.0,2,,,18.2,28.8,False,True,
BEL23,2023,Belgian Grand Prix,Spa-Francorchamps,ALO,Aston Martin,17,5,112.886,MEDIUM,7.0,2,,,18.2,28.3,False,True,
BEL23,2023,Belgian Grand Prix,Spa-Francorchamps,ALO,Aston Martin,18,5,112.812,MEDIUM,8.0,2,,,18.0,27.9,False,True,
BEL23,2023,Belgian Grand Prix,Spa-Francorchamps,ALO,Aston Martin,19,5,113.374,MEDIUM,9.0,2,,,17.9,27.5,True,True,
BEL23,2023,Belgian Grand Prix,Spa-Francorchamps,ALO,Aston Martin,20,5,115.606,MEDIUM,10.0,2,,,17.7,27.2,True,True,
BEL23,2023,Belgian Grand Prix,Spa-Francorchamps,ALO,Aston Martin,21,5,116.204,MEDIUM,11.0,2,,,17.6,27.2,True,True,
BEL23,2023,Belgian Grand Prix,Spa-Francorchamps,ALO,Aston Martin,22,5,116.909,MEDIUM,12.0,2,,,17.4,25.6,True,True,
BEL23,2023,Belgian Grand Prix,Spa-Francorchamps,ALO,Aston Martin,23,5,114.11,MEDIUM,13.0,2,,,17.1,25.1,True,True,
BEL23,2023,Belgian Grand Prix,Spa-Francorchamps,ALO,Aston Martin,24,5,112.249,MEDIUM,14.0,2,,,17.0,25.0,True,True,
BEL23,2023,Belgian Grand Prix,Spa-Francorchamps,ALO,Aston Martin,25,5,112.717,MEDIUM,15.0,2,,,16.9,25.0,False,True,
BEL23,2023,Belgian Grand Prix,Spa-Francorchamps,ALO,Aston Martin,26,5,112.187,MEDIUM,16.0,2,,,16.9,25.9,False,True,
BEL23,2023,Belgian Grand Prix,Spa-Francorchamps,ALO,Aston Martin,27,5,112.505,MEDIUM,17.0,2,,,17.0,26.9,False,True,
BEL23,2023,Belgian Grand Prix,Spa-Francorchamps,ALO,Aston Martin,28,4,112.928,MEDIUM,18.0,2,,,17.3,27.9,False,True,
BEL23,2023,Belgian Grand Prix,Spa-Francorchamps,ALO,Aston Martin,29,5,118.063,MEDIUM,19.0,2,,,17.6,29.5,False,True,
BEL23,2023,Belgian Grand Prix,Spa-Francorchamps,ALO,Aston Martin,30,5,126.152,SOFT,1.0,3,,,17.7,30.6,False,True,
BEL23,2023,Belgian Grand Prix,Spa-Francorchamps,ALO,Aston Martin,31,5,112.098,SOFT,2.0,3,,,18.1,31.0,False,True,
BEL23,2023,Belgian Grand Prix,Spa-Francorchamps,ALO,Aston Martin,32,5,111.756,SOFT,3.0,3,,,18.4,31.0,False,True,
BEL23,2023,Belgian Grand Prix,Spa-Francorchamps,ALO,Aston Martin,33,5,110.955,SOFT,4.0,3,,,18.5,30.0,False,True,
BEL23,2023,Belgian Grand Prix,Spa-Francorchamps,ALO,Aston Martin,34,5,111.834,SOFT,5.0,3,,,18.4,29.3,False,True,
BEL23,2023,Belgian Grand Prix,Spa-Francorchamps,ALO,Aston Martin,35,5,111.967,SOFT,6.0,3,,,18.5,30.1,False,True,
BEL23,2023,Belgian Grand Prix,Spa-Francorchamps,ALO,Aston Martin,36,5,111.666,SOFT,7.0,3,,,18.8,30.7,False,True,
BEL23,2023,Belgian Grand Prix,Spa-Francorchamps,ALO,Aston Martin,37,5,111.505,SOFT,8.0,3,,,18.8,29.1,False,True,
BEL23,2023,Belgian Grand Prix,Spa-Francorchamps,ALO,Aston Martin,38,5,111.442,SOFT,9.0,3,,,18.7,28.8,False,True,
BEL23,2023,Belgian Grand Prix,Spa-Francorchamps,ALO,Aston Martin,39,5,111.214,SOFT,10.0,3,,,18.8,28.8,False,True,
BEL23,2023,Belgian Grand Prix,Spa-Francorchamps,ALO,Aston Martin,40,5,111.279,SOFT,11.0,3,,,18.9,29.0,False,True,
BEL23,2023,Belgian Grand Prix,Spa-Francorchamps,ALO,Aston Martin,41,5,111.326,SOFT,12.0,3,,,19.0,30.0,False,True,
BEL23,2023,Belgian Grand Prix,Spa-Francorchamps,ALO,Aston Martin,42,5,110.938,SOFT,13.0,3,,,19.2,29.3,False,True,
BEL23,2023,Belgian Grand Prix,Spa-Francorchamps,ALO,Aston Martin,43,5,111.351,SOFT,14.0,3,,,18.8,28.4,False,True,
BEL23,2023,Belgian Grand Prix,Spa-Francorchamps,ALO,Aston Martin,44,5,111.552,SOFT,15.0,3,,,18.7,28.3,False,True,
BEL23,2023,Belgian Grand Prix,Spa-Francorchamps,BOT,Alfa Romeo,1,12,121.163,SOFT,1.0,1,,,18.0,28.6,False,True,
BEL23,2023,Belgian Grand Prix,Spa-Francorchamps,BOT,Alfa Romeo,2,12,115.608,SOFT,2.0,1,,,18.0,29.0,False,True,
BEL23,2023,Belgian Grand Prix,Spa-Francorchamps,BOT,Alfa Romeo,3,13,114.834,SOFT,3.0,1,,,18.1,30.1,False,True,
BEL23,2023,Belgian Grand Prix,Spa-Francorchamps,BOT,Alfa Romeo,4,14,115.571,SOFT,4.0,1,,,18.1,30.4,False,True,
BEL23,2023,Belgian Grand Prix,Spa-Francorchamps,BOT,Alfa Romeo,5,13,115.599,SOFT,5.0,1,,,18.1,31.4,False,True,
BEL23,2023,Belgian Grand Prix,Spa-Francorchamps,BOT,Alfa Romeo,6,16,120.115,SOFT,6.0,1,,,18.1,31.5,False,True,
BEL23,2023,Belgian Grand Prix,Spa-Francorchamps,BOT,Alfa Romeo,7,19,126.796,MEDIUM,1.0,2,,,18.1,30.6,False,True,
BEL23,2023,Belgian Grand Prix,Spa-Francorchamps,BOT,Alfa Romeo,8,17,112.919,MEDIUM,2.0,2,,,18.1,30.1,False,True,
BEL23,2023,Belgian Grand Prix,Spa-Francorchamps,BOT,Alfa Romeo,9,16,113.499,MEDIUM,3.0,2,,,18.2,29.6,False,True,
BEL23,2023,Belgian Grand Prix,Spa-Francorchamps,BOT,Alfa Romeo,10,16,113.782,MEDIUM,4.0,2,,,18.3,29.9,False,True,
BEL23,2023,Belgian Grand Prix,Spa-Francorchamps,BOT,Alfa Romeo,11,16,113.53,MEDIUM,5.0,2,,,18.2,29.2,False,True,
BEL23,2023,Belgian Grand Prix,Spa-Francorchamps,BOT,Alfa Romeo,12,16,113.411,MEDIUM,6.0,2,,,18.1,28.8,False,True,
BEL23,2023,Belgian Grand Prix,Spa-Francorchamps,BOT,Alfa Romeo,13,15,113.924,MEDIUM,7.0,2,,,17.9,28.4,False,True,
BEL23,2023,Belgian Grand Prix,Spa-Francorchamps,BOT,Alfa Romeo,14,14,113.719,MEDIUM,8.0,2,,,18.0,28.3,False,True,
BEL23,2023,Belgian Grand Prix,Spa-Francorchamps,BOT,Alfa Romeo,15,14,115.311,MEDIUM,9.0,2,,,18.2,28.3,False,True,
BEL23,2023,Belgian Grand Prix,Spa-Francorchamps,BOT,Alfa Romeo,16,14,114.537,MEDIUM,10.0,2,,,18.2,28.8,False,True,
BEL23,2023,Belgian Grand Prix,Spa-Francorchamps,BOT,Alfa Romeo,17,14,114.71,MEDIUM,11.0,2,,,18.2,28.3,False,True,
BEL23,2023,Belgian Grand Prix,Spa-Francorchamps,BOT,Alfa Romeo,18,14,114.982,MEDIUM,12.0,2,,,18.0,27.9,False,True,
BEL23,2023,Belgian Grand Prix,Spa-Francorchamps,BOT,Alfa Romeo,19,14,115.107,MEDIUM,13.0,2,,,17.9,27.5,True,True,
BEL23,2023,Belgian Grand Prix,Spa-Francorchamps,BOT,Alfa Romeo,20,14,115.526,MEDIUM,14.0,2,,,17.7,27.2,True,True,
BEL23,2023,Belgian Grand Prix,Spa-Francorchamps,BOT,Alfa Romeo,21,13,117.084,MEDIUM,15.0,2,,,17.5,26.0,True,True,
BEL23,2023,Belgian Grand Prix,Spa-Francorchamps,BOT,Alfa Romeo,22,12,116.219,MEDIUM,16.0,2,,,17.3,25.3,True,True,
BEL23,2023,Belgian Grand Prix,Spa-Francorchamps,BOT,Alfa Romeo,23,11,114.59,MEDIUM,17.0,2,,,17.1,25.0,True,True,
BEL23,2023,Belgian Grand Prix,Spa-Francorchamps,BOT,Alfa Romeo,24,11,118.044,MEDIUM,18.0,2,,,17.0,25.0,False,True,
BEL23,2023,Belgian Grand Prix,Spa-Francorchamps,BOT,Alfa Romeo,25,15,124.853,MEDIUM,1.0,3,,,16.8,25.6,False,True,
BEL23,2023,Belgian Grand Prix,Spa-Francorchamps,BOT,Alfa Romeo,26,13,110.515,MEDIUM,2.0,3,,,16.9,26.1,False,True,
BEL23,2023,Belgian Grand Prix,Spa-Francorchamps,BOT,Alfa Romeo,27,13,111.131,MEDIUM,3.0,3,,,17.0,26.9,False,True,
BEL23,2023,Belgian Grand Prix,Spa-Francorchamps,BOT,Alfa Romeo,28,13,111.46,MEDIUM,4.0,3,,,17.3,27.9,False,True,
BEL23,2023,Belgian Grand Prix,Spa-Francorchamps,BOT,Alfa Romeo,29,13,111.672,MEDIUM,5.0,3,,,17.6,29.5,False,True,
BEL23,2023,Belgian Grand Prix,Spa-Francorchamps,BOT,Alfa Romeo,30,13,111.904,MEDIUM,6.0,3,,,17.7,30.6,False,True,
BEL23,2023,Belgian Grand Prix,Spa-Francorchamps,BOT,Alfa Romeo,31,13,112.128,MEDIUM,7.0,3,,,18.1,31.0,False,True,
BEL23,2023,Belgian Grand Prix,Spa-Francorchamps,BOT,Alfa Romeo,32,13,112.898,MEDIUM,8.0,3,,,18.4,31.0,False,True,
BEL23,2023,Belgian Grand Prix,Spa-Francorchamps,BOT,Alfa Romeo,33,12,113.414,MEDIUM,9.0,3,,,18.5,29.7,False,True,
BEL23,2023,Belgian Grand Prix,Spa-Francorchamps,BOT,Alfa Romeo,34,12,112.188,MEDIUM,10.0,3,,,18.4,29.3,False,True,
BEL23,2023,Belgian Grand Prix,Spa-Francorchamps,BOT,Alfa Romeo,35,12,112.412,MEDIUM,11.0,3,,,18.5,30.1,False,True,
BEL23,2023,Belgian Grand Prix,Spa-Francorchamps,BOT,Alfa Romeo,36,12,112.391,MEDIUM,12.0,3,,,18.8,30.7,False,True,
BEL23,2023,Belgian Grand Prix,Spa-Francorchamps,BOT,Alfa Romeo,37,12,112.129,MEDIUM,13.0,3,,,18.8,29.1,False,True,
BEL23,2023,Belgian Grand Prix,Spa-Francorchamps,BOT,Alfa Romeo,38,12,112.077,MEDIUM,14.0,3,,,18.7,28.8,False,True,
BEL23,2023,Belgian Grand Prix,Spa-Francorchamps,BOT,Alfa Romeo,39,12,112.396,MEDIUM,15.0,3,,,18.8,28.8,False,True,
BEL23,2023,Belgian Grand Prix,Spa-Francorchamps,BOT,Alfa Romeo,40,12,112.344,MEDIUM,16.0,3,,,19.0,29.9,False,True,
BEL23,2023,Belgian Grand Prix,Spa-Francorchamps,BOT,Alfa Romeo,41,12,112.363,MEDIUM,17.0,3,,,19.1,29.7,False,True,
BEL23,2023,Belgian Grand Prix,Spa-Francorchamps,BOT,Alfa Romeo,42,12,112.382,MEDIUM,18.0,3,,,19.1,28.9,False,True,
BEL23,2023,Belgian Grand Prix,Spa-Francorchamps,BOT,Alfa Romeo,43,12,112.17,MEDIUM,19.0,3,,,18.8,28.4,False,True,
BEL23,2023,Belgian Grand Prix,Spa-Francorchamps,BOT,Alfa Romeo,44,12,112.234,MEDIUM,20.0,3,,,18.7,28.3,False,True,
BEL23,2023,Belgian Grand Prix,Spa-Francorchamps,GAS,Alpine,1,16,122.849,SOFT,1.0,1,,,18.0,28.6,False,True,
BEL23,2023,Belgian Grand Prix,Spa-Francorchamps,GAS,Alpine,2,16,116.015,SOFT,2.0,1,,,18.0,29.0,False,True,
BEL23,2023,Belgian Grand Prix,Spa-Francorchamps,GAS,Alpine,3,16,114.814,SOFT,3.0,1,,,18.1,30.1,False,True,
BEL23,2023,Belgian Grand Prix,Spa-Francorchamps,GAS,Alpine,4,16,114.371,SOFT,4.0,1,,,18.1,30.4,False,True,
BEL23,2023,Belgian Grand Prix,Spa-Francorchamps,GAS,Alpine,5,14,115.415,SOFT,5.0,1,,,18.1,31.4,False,True,
BEL23,2023,Belgian Grand Prix,Spa-Francorchamps,GAS,Alpine,6,12,115.56,SOFT,6.0,1,,,18.1,31.5,False,True,
BEL23,2023,Belgian Grand Prix,Spa-Francorchamps,GAS,Alpine,7,11,115.449,SOFT,7.0,1,,,18.1,30.6,False,True,
BEL23,2023,Belgian Grand Prix,Spa-Francorchamps,GAS,Alpine,8,9,113.984,SOFT,8.0,1,,,18.1,30.1,False,True,
BEL23,2023,Belgian Grand Prix,Spa-Francorchamps,GAS,Alpine,9,9,113.43,SOFT,9.0,1,,,18.2,29.6,False,True,
BEL23,2023,Belgian Grand Prix,Spa-Francorchamps,GAS,Alpine,10,8,113.587,SOFT,10.0,1,,,18.3,29.9,False,True,
BEL23,2023,Belgian Grand Prix,Spa-Francorchamps,GAS,Alpine,11,7,113.822,SOFT,11.0,1,,,18.2,29.2,False,True,
BEL23,2023,Belgian Grand Prix,Spa-Francorchamps,GAS,Alpine,12,7,113.641,SOFT,12.0,1,,,18.0,29.1,False,True,
BEL23,2023,Belgian Grand Prix,Spa-Francorchamps,GAS,Alpine,13,7,113.769,SOFT,13.0,1,,,18.0,28.4,False,True,
BEL23,2023,Belgian Grand Prix,Spa-Francorchamps,GAS,Alpine,14,7,114.014,SOFT,14.0,1,,,18.0,28.3,False,True,
BEL23,2023,Belgian Grand Prix,Spa-Francorchamps,GAS,Alpine,15,8,115.359,SOFT,15.0,1,,,18.2,28.3,False,True,
BEL23,2023,Belgian Grand Prix,Spa-Francorchamps,GAS,Alpine,16,8,114.782,SOFT,16.0,1,,,18.2,28.8,False,True,
BEL23,2023,Belgian Grand Prix,Spa-Francorchamps,GAS,Alpine,17,8,114.87,SOFT,17.0,1,,,18.2,28.3,False,True,
BEL23,2023,Belgian Grand Prix,Spa-Francorchamps,GAS,Alpine,18,8,115.278,SOFT,18.0,1,,,18.0,27.9,False,True,
BEL23,2023,Belgian Grand Prix,Spa-Francorchamps,GAS,Alpine,19,7,115.566,SOFT,19.0,1,,,17.9,27.5,True,True,
BEL23,2023,Belgian Grand Prix,Spa-Francorchamps,GAS,Alpine,20,7,116.854,SOFT,20.0,1,,,17.7,27.2,True,True,
BEL23,2023,Belgian Grand Prix,Spa-Francorchamps,GAS,Alpine,21,7,116.834,SOFT,21.0,1,,,17.5,26.0,True,True,
BEL23,2023,Belgian Grand Prix,Spa-Francorchamps,GAS,Alpine,22,6,117.187,SOFT,22.0,1,,,17.3,25.3,True,True,
BEL23,2023,Belgian Grand Prix,Spa-Francorchamps,GAS,Alpine,23,8,121.28,SOFT,23.0,1,,,17.1,25.0,True,True,
BEL23,2023,Belgian Grand Prix,Spa-Francorchamps,GAS,Alpine,24,17,129.405,MEDIUM,1.0,2,,,17.0,25.0,False,True,
BEL23,2023,Belgian Grand Prix,Spa-Francorchamps,GAS,Alpine,25,13,110.911,MEDIUM,2.0,2,,,16.8,25.6,False,True,
BEL23,2023,Belgian Grand Prix,Spa-Francorchamps,GAS,Alpine,26,11,111.509,MEDIUM,3.0,2,,,16.9,26.1,False,True,
BEL23,2023,Belgian Grand Prix,Spa-Francorchamps,GAS,Alpine,27,11,111.966,MEDIUM,4.0,2,,,17.0,26.9,False,True,
BEL23,2023,Belgian Grand Prix,Spa-Francorchamps,GAS,Alpine,28,11,112.131,MEDIUM,5.0,2,,,17.3,27.9,False,True,
BEL23,2023,Belgian Grand Prix,Spa-Francorchamps,GAS,Alpine,29,12,113.343,MEDIUM,6.0,2,,,17.6,29.5,False,True,
BEL23,2023,Belgian Grand Prix,Spa-Francorchamps,GAS,Alpine,30,12,112.362,MEDIUM,7.0,2,,,17.7,30.6,False,True,
BEL23,2023,Belgian Grand Prix,Spa-Francorchamps,GAS,Alpine,31,12,112.866,MEDIUM,8.0,2,,,18.1,31.0,False,True,
BEL23,2023,Belgian Grand Prix,Spa-Francorchamps,GAS,Alpine,32,11,113.097,MEDIUM,9.0,2,,,18.4,31.0,False,True,
BEL23,2023,Belgian Grand Prix,Spa-Francorchamps,GAS,Alpine,33,11,112.384,MEDIUM,10.0,2,,,18.5,29.7,False,True,
BEL23,2023,Belgian Grand Prix,Spa-Francorchamps,GAS,Alpine,34,11,112.246,MEDIUM,11.0,2,,,18.4,29.3,False,True,
BEL23,2023,Belgian Grand Prix,Spa-Francorchamps,GAS,Alpine,35,11,112.022,MEDIUM,12.0,2,,,18.5,30.1,False,True,
BEL23,2023,Belgian Grand Prix,Spa-Francorchamps,GAS,Alpine,36,11,112.227,MEDIUM,13.0,2,,,18.8,30.7,False,True,
BEL23,2023,Belgian Grand Prix,Spa-Francorchamps,GAS,Alpine,37,11,111.902,MEDIUM,14.0,2,,,18.8,29.1,False,True,
BEL23,2023,Belgian Grand Prix,Spa-Francorchamps,GAS,Alpine,38,11,111.831,MEDIUM,15.0,2,,,18.7,28.8,False,True,
BEL23,2023,Belgian Grand Prix,Spa-Francorchamps,GAS,Alpine,39,11,112.369,MEDIUM,16.0,2,,,18.8,28.8,False,True,
BEL23,2023,Belgian Grand Prix,Spa-Francorchamps,GAS,Alpine,40,11,112.084,MEDIUM,17.0,2,,,19.0,29.9,False,True,
BEL23,2023,Belgian Grand Prix,Spa-Francorchamps,GAS,Alpine,41,11,111.8,MEDIUM,18.0,2,,,19.1,29.7,False,True,
BEL23,2023,Belgian Grand Prix,Spa-Francorchamps,GAS,Alpine,42,11,112.234,MEDIUM,19.0,2,,,19.2,29.3,False,True,
BEL23,2023,Belgian Grand Prix,Spa-Francorchamps,GAS,Alpine,43,11,113.022,MEDIUM,20.0,2,,,18.8,28.4,False,True,
BEL23,2023,Belgian Grand Prix,Spa-Francorchamps,GAS,Alpine,44,11,113.093,MEDIUM,21.0,2,,,18.7,28.3,False,True,
BEL23,2023,Belgian Grand Prix,Spa-Francorchamps,HAM,Mercedes,1,3,115.21,SOFT,1.0,1,,,18.0,28.6,False,True,
BEL23,2023,Belgian Grand Prix,Spa-Francorchamps,HAM,Mercedes,2,3,113.02,SOFT,2.0,1,,,18.0,29.0,False,True,
BEL23,2023,Belgian Grand Prix,Spa-Francorchamps,HAM,Mercedes,3,3,112.454,SOFT,3.0,1,,,18.1,30.1,False,True,
BEL23,2023,Belgian Grand Prix,Spa-Francorchamps,HAM,Mercedes,4,3,112.506,SOFT,4.0,1,,,18.1,30.4,False,True,
BEL23,2023,Belgian Grand Prix,Spa-Francorchamps,HAM,Mercedes,5,3,112.717,SOFT,5.0,1,,,18.1,31.4,False,True,
BEL23,2023,Belgian Grand Prix,Spa-Francorchamps,HAM,Mercedes,6,4,113.813,SOFT,6.0,1,,,18.1,31.5,False,True,
BEL23,2023,Belgian Grand Prix,Spa-Francorchamps,HAM,Mercedes,7,4,113.43,SOFT,7.0,1,,,18.1,30.6,False,True,
BEL23,2023,Belgian Grand Prix,Spa-Francorchamps,HAM,Mercedes,8,4,113.276,SOFT,8.0,1,,,18.1,30.2,False,True,
BEL23,2023,Belgian Grand Prix,Spa-Francorchamps,HAM,Mercedes,9,4,113.472,SOFT,9.0,1,,,18.2,29.6,False,True,
BEL23,2023,Belgian Grand Prix,Spa-Francorchamps,HAM,Mercedes,10,4,113.381,SOFT,10.0,1,,,18.2,29.8,False,True,
BEL23,2023,Belgian Grand Prix,Spa-Francorchamps,HAM,Mercedes,11,4,114.073,SOFT,11.0,1,,,18.1,29.5,False,True,
BEL23,2023,Belgian Grand Prix,Spa-Francorchamps,HAM,Mercedes,12,4,118.156,SOFT,12.0,1,,,18.0,29.1,False,True,
BEL23,2023,Belgian Grand Prix,Spa-Francorchamps,HAM,Mercedes,13,4,125.716,MEDIUM,1.0,2,,,18.0,28.4,False,True,
BEL23,2023,Belgian Grand Prix,Spa-Francorchamps,HAM,Mercedes,14,4,111.523,MEDIUM,2.0,2,,,18.0,28.3,False,True,
BEL23,2023,Belgian Grand Prix,Spa-Francorchamps,HAM,Mercedes,15,4,112.126,MEDIUM,3.0,2,,,18.2,28.3,False,True,
BEL23,2023,Belgian Grand Prix,Spa-Francorchamps,HAM,Mercedes,16,4,112.215,MEDIUM,4.0,2,,,18.2,28.8,False,True,
BEL23,2023,Belgian Grand Prix,Spa-Francorchamps,HAM,Mercedes,17,4,112.421,MEDIUM,5.0,2,,,18.2,28.3,False,True,
BEL23,2023,Belgian Grand Prix,Spa-Francorchamps,HAM,Mercedes,18,4,112.764,MEDIUM,6.0,2,,,18.0,27.9,False,True,
BEL23,2023,Belgian Grand Prix,Spa-Francorchamps,HAM,Mercedes,19,4,112.953,MEDIUM,7.0,2,,,17.9,27.8,False,True,
BEL23,2023,Belgian Grand Prix,Spa-Francorchamps,HAM,Mercedes,20,4,115.105,MEDIUM,8.0,2,,,17.7,27.4,True,True,
BEL23,2023,Belgian Grand Prix,Spa-Francorchamps,HAM,Mercedes,21,4,116.302,MEDIUM,9.0,2,,,17.6,27.2,True,True,
BEL23,2023,Belgian Grand Prix,Spa-Francorchamps,HAM,Mercedes,22,4,116.499,MEDIUM,10.0,2,,,17.4,25.6,True,True,
BEL23,2023,Belgian Grand Prix,Spa-Francorchamps,HAM,Mercedes,23,4,112.296,MEDIUM,11.0,2,,,17.1,25.1,True,True,
BEL23,2023,Belgian Grand Prix,Spa-Francorchamps,HAM,Mercedes,24,4,111.998,MEDIUM,12.0,2,,,17.0,25.0,True,True,
BEL23,2023,Belgian Grand Prix,Spa-Francorchamps,HAM,Mercedes,25,4,112.191,MEDIUM,13.0,2,,,16.9,25.0,False,True,
BEL23,2023,Belgian Grand Prix,Spa-Francorchamps,HAM,Mercedes,26,4,112.36,MEDIUM,14.0,2,,,16.9,25.9,False,True,
BEL23,2023,Belgian Grand Prix,Spa-Francorchamps,HAM,Mercedes,27,4,116.092,MEDIUM,15.0,2,,,17.0,26.9,False,True,
BEL23,2023,Belgian Grand Prix,Spa-Francorchamps,HAM,Mercedes,28,5,123.721,SOFT,1.0,3,,,17.3,27.9,False,True,
BEL23,2023,Belgian Grand Prix,Spa-Francorchamps,HAM,Mercedes,29,4,110.283,SOFT,2.0,3,,,17.6,29.5,False,True,
BEL23,2023,Belgian Grand Prix,Spa-Francorchamps,HAM,Mercedes,30,4,110.923,SOFT,3.0,3,,,17.6,30.3,False,True,
BEL23,2023,Belgian Grand Prix,Spa-Francorchamps,HAM,Mercedes,31,4,111.134,SOFT,4.0,3,,,18.0,31.0,False,True,
BEL23,2023,Belgian Grand Prix,Spa-Francorchamps,HAM,Mercedes,32,4,110.935,SOFT,5.0,3,,,18.3,31.1,False,True,
BEL23,2023,Belgian Grand Prix,Spa-Francorchamps,HAM,Mercedes,33,4,111.136,SOFT,6.0,3,,,18.5,30.0,False,True,
BEL23,2023,Belgian Grand Prix,Spa-Francorchamps,HAM,Mercedes,34,4,111.05,SOFT,7.0,3,,,18.4,29.3,False,True,
BEL23,2023,Belgian Grand Prix,Spa-Francorchamps,HAM,Mercedes,35,4,111.65,SOFT,8.0,3,,,18.5,30.1,False,True,
BEL23,2023,Belgian Grand Prix,Spa-Francorchamps,HAM,Mercedes,36,4,111.224,SOFT,9.0,3,,,18.8,30.7,False,True,
BEL23,2023,Belgian Grand Prix,Spa-Francorchamps,HAM,Mercedes,37,4,111.428,SOFT,10.0,3,,,18.9,30.0,False,True,
BEL23,2023,Belgian Grand Prix,Spa-Francorchamps,HAM,Mercedes,38,4,111.109,SOFT,11.0,3,,,18.8,29.1,False,True,
BEL23,2023,Belgian Grand Prix,Spa-Francorchamps,HAM,Mercedes,39,4,111.408,SOFT,12.0,3,,,18.8,28.8,False,True,
BEL23,2023,Belgian Grand Prix,Spa-Francorchamps,HAM,Mercedes,40,4,112.166,SOFT,13.0,3,,,18.9,29.0,False,True,
BEL23,2023,Belgian Grand Prix,Spa-Francorchamps,HAM,Mercedes,41,4,111.796,SOFT,14.0,3,,,19.0,30.0,False,True,
BEL23,2023,Belgian Grand Prix,Spa-Francorchamps,HAM,Mercedes,42,4,115.22,SOFT,15.0,3,,,19.2,29.3,False,True,
BEL23,2023,Belgian Grand Prix,Spa-Francorchamps,HAM,Mercedes,43,4,129.564,MEDIUM,1.0,4,,,18.8,28.4,False,True,
BEL23,2023,Belgian Grand Prix,Spa-Francorchamps,HAM,Mercedes,44,4,107.305,MEDIUM,2.0,4,,,18.7,28.3,False,True,
BEL23,2023,Belgian Grand Prix,Spa-Francorchamps,HUL,Haas F1 Team,1,17,123.27,MEDIUM,1.0,1,,,18.0,28.6,False,True,
BEL23,2023,Belgian Grand Prix,Spa-Francorchamps,HUL,Haas F1 Team,2,17,115.743,MEDIUM,2.0,1,,,18.0,29.0,False,True,
BEL23,2023,Belgian Grand Prix,Spa-Francorchamps,HUL,Haas F1 Team,3,17,115.176,MEDIUM,3.0,1,,,18.1,30.1,False,True,
BEL23,2023,Belgian Grand Prix,Spa-Francorchamps,HUL,Haas F1 Team,4,17,114.581,MEDIUM,4.0,1,,,18.1,30.4,False,True,
BEL23,2023,Belgian Grand Prix,Spa-Francorchamps,HUL,Haas F1 Team,5,16,115.53,MEDIUM,5.0,1,,,18.1,31.4,False,True,
BEL23,2023,Belgian Grand Prix,Spa-Francorchamps,HUL,Haas F1 Team,6,14,115.923,MEDIUM,6.0,1,,,18.1,31.5,False,True,
BEL23,2023,Belgian Grand Prix,Spa-Francorchamps,HUL,Haas F1 Team,7,12,115.607,MEDIUM,7.0,1,,,18.1,30.6,False,True,
BEL23,2023,Belgian Grand Prix,Spa-Francorchamps,HUL,Haas F1 Team,8,10,114.741,MEDIUM,8.0,1,,,18.1,30.1,False,True,
BEL23,2023,Belgian Grand Prix,Spa-Francorchamps,HUL,Haas F1 Team,9,10,115.36,MEDIUM,9.0,1,,,18.2,29.6,False,True,
BEL23,2023,Belgian Grand Prix,Spa-Francorchamps,HUL,Haas F1 Team,10,9,114.655,MEDIUM,10.0,1,,,18.3,29.9,False,True,
BEL23,2023,Belgian Grand Prix,Spa-Francorchamps,HUL,Haas F1 Team,11,8,114.262,MEDIUM,11.0,1,,,18.2,29.2,False,True,
BEL23,2023,Belgian Grand Prix,Spa-Francorchamps,HUL,Haas F1 Team,12,12,119.37,MEDIUM,12.0,1,,,18.1,28.8,False,True,
BEL23,2023,Belgian Grand Prix,Spa-Francorchamps,HUL,Haas F1 Team,13,19,127.044,SOFT,1.0,2,,,17.9,28.4,False,True,
BEL23,2023,Belgian Grand Prix,Spa-Francorchamps,HUL,Haas F1 Team,14,19,112.348,SOFT,2.0,2,,,18.0,28.3,False,True,
BEL23,2023,Belgian Grand Prix,Spa-Francorchamps,HUL,Haas F1 Team,15,19,115.586,SOFT,3.0,2,,,18.3,28.8,False,True,
BEL23,2023,Belgian Grand Prix,Spa-Francorchamps,HUL,Haas F1 Team,16,18,113.91,SOFT,4.0,2,,,18.2,28.8,False,True,
BEL23,2023,Belgian Grand Prix,Spa-Francorchamps,HUL,Haas F1 Team,17,18,114.852,SOFT,5.0,2,,,18.2,28.3,False,True,
BEL23,2023,Belgian Grand Prix,Spa-Francorchamps,HUL,Haas F1 Team,18,16,112.937,SOFT,6.0,2,,,18.0,27.9,False,True,
BEL23,2023,Belgian Grand Prix,Spa-Francorchamps,HUL,Haas F1 Team,19,16,113.743,SOFT,7.0,2,,,17.9,27.5,True,True,
BEL23,2023,Belgian Grand Prix,Spa-Francorchamps,HUL,Haas F1 Team,20,16,114.393,SOFT,8.0,2,,,17.7,27.2,True,True,
BEL23,2023,Belgian Grand Prix,Spa-Francorchamps,HUL,Haas F1 Team,21,15,114.691,SOFT,9.0,2,,,17.5,26.0,True,True,
BEL23,2023,Belgian Grand Prix,Spa-Francorchamps,HUL,Haas F1 Team,22,14,117.8,SOFT,10.0,2,,,17.3,25.3,True,True,
BEL23,2023,Belgian Grand Prix,Spa-Francorchamps,HUL,Haas F1 Team,23,12,113.292,SOFT,11.0,2,,,17.1,25.0,True,True,
BEL23,2023,Belgian Grand Prix,Spa-Francorchamps,HUL,Haas F1 Team,24,13,117.257,SOFT,12.0,2,,,17.0,25.0,False,True,
BEL23,2023,Belgian Grand Prix,Spa-Francorchamps,HUL,Haas F1 Team,25,17,127.746,SOFT,1.0,3,,,16.8,25.6,False,True,
BEL23,2023,Belgian Grand Prix,Spa-Francorchamps,HUL,Haas F1 Team,26,15,109.907,SOFT,2.0,3,,,16.9,26.1,False,True,
BEL23,2023,Belgian Grand Prix,Spa-Francorchamps,HUL,Haas F1 Team,27,15,111.225,SOFT,3.0,3,,,17.1,27.9,False,True,
BEL23,2023,Belgian Grand Prix,Spa-Francorchamps,HUL,Haas F1 Team,28,15,111.545,SOFT,4.0,3,,,17.3,27.9,False,True,
BEL23,2023,Belgian Grand Prix,Spa-Francorchamps,HUL,Haas F1 Team,29,15,111.844,SOFT,5.0,3,,,17.6,29.5,False,True,
BEL23,2023,Belgian Grand Prix,Spa-Francorchamps,HUL,Haas F1 Team,30,15,112.495,SOFT,6.0,3,,,17.7,30.6,False,True,
BEL23,2023,Belgian Grand Prix,Spa-Francorchamps,HUL,Haas F1 Team,31,15,112.588,SOFT,7.0,3,,,18.1,31.0,False,True,
BEL23,2023,Belgian Grand Prix,Spa-Francorchamps,HUL,Haas F1 Team,32,15,112.332,SOFT,8.0,3,,,18.4,31.0,False,True,
BEL23,2023,Belgian Grand Prix,Spa-Francorchamps,HUL,Haas F1 Team,33,14,112.601,SOFT,9.0,3,,,18.5,29.7,False,True,
BEL23,2023,Belgian Grand Prix,Spa-Francorchamps,HUL,Haas F1 Team,34,14,113.056,SOFT,10.0,3,,,18.4,29.3,False,True,
BEL23,2023,Belgian Grand Prix,Spa-Francorchamps,HUL,Haas F1 Team,35,14,113.676,SOFT,11.0,3,,,18.8,30.7,False,True,
BEL23,2023,Belgian Grand Prix,Spa-Francorchamps,HUL,Haas F1 Team,36,14,113.401,SOFT,12.0,3,,,18.8,30.7,False,True,
BEL23,2023,Belgian Grand Prix,Spa-Francorchamps,HUL,Haas F1 Team,37,14,113.019,SOFT,13.0,3,,,18.8,29.1,False,True,
BEL23,2023,Belgian Grand Prix,Spa-Francorchamps,HUL,Haas F1 Team,38,14,113.621,SOFT,14.0,3,,,18.7,28.8,False,True,
BEL23,2023,Belgian Grand Prix,Spa-Francorchamps,HUL,Haas F1 Team,39,14,113.522,SOFT,15.0,3,,,18.8,28.8,False,True,
BEL23,2023,Belgian Grand Prix,Spa-Francorchamps,HUL,Haas F1 Team,40,16,115.26,SOFT,16.0,3,,,19.0,29.9,False,True,
BEL23,2023,Belgian Grand Prix,Spa-Francorchamps,HUL,Haas F1 Team,41,16,113.845,SOFT,17.0,3,,,19.1,29.7,False,True,
BEL23,2023,Belgian Grand Prix,Spa-Francorchamps,HUL,Haas F1 Team,42,17,116.987,SOFT,18.0,3,,,19.1,28.9,False,True,
BEL23,2023,Belgian Grand Prix,Spa-Francorchamps,HUL,Haas F1 Team,43,18,115.314,SOFT,19.0,3,,,18.9,28.4,False,True,
BEL23,2023,Belgian Grand Prix,Spa-Francorchamps,HUL,Haas F1 Team,44,18,114.845,SOFT,20.0,3,,,18.7,28.0,False,True,
BEL23,2023,Belgian Grand Prix,Spa-Francorchamps,LEC,Ferrari,1,2,114.584,SOFT,1.0,1,,,18.0,28.6,False,True,
BEL23,2023,Belgian Grand Prix,Spa-Francorchamps,LEC,Ferrari,2,2,112.839,SOFT,2.0,1,,,18.0,29.0,False,True,
BEL23,2023,Belgian Grand Prix,Spa-Francorchamps,LEC,Ferrari,3,2,112.292,SOFT,3.0,1,,,18.1,30.1,False,True,
BEL23,2023,Belgian Grand Prix,Spa-Francorchamps,LEC,Ferrari,4,2,112.479,SOFT,4.0,1,,,18.1,30.4,False,True,
BEL23,2023,Belgian Grand Prix,Spa-Francorchamps,LEC,Ferrari,5,2,112.575,SOFT,5.0,1,,,18.1,31.4,False,True,
BEL23,2023,Belgian Grand Prix,Spa-Francorchamps,LEC,Ferrari,6,2,112.684,SOFT,6.0,1,,,18.1,31.5,False,True,
BEL23,2023,Belgian Grand Prix,Spa-Francorchamps,LEC,Ferrari,7,2,112.763,SOFT,7.0,1,,,18.1,30.6,False,True,
BEL23,2023,Belgian Grand Prix,Spa-Francorchamps,LEC,Ferrari,8,2,112.641,SOFT,8.0,1,,,18.1,30.2,False,True,
BEL23,2023,Belgian Grand Prix,Spa-Francorchamps,LEC,Ferrari,9,3,113.603,SOFT,9.0,1,,,18.2,29.6,False,True,
BEL23,2023,Belgian Grand Prix,Spa-Francorchamps,LEC,Ferrari,10,3,113.559,SOFT,10.0,1,,,18.2,29.8,False,True,
BEL23,2023,Belgian Grand Prix,Spa-Francorchamps,LEC,Ferrari,11,3,113.232,SOFT,11.0,1,,,18.1,29.5,False,True,
BEL23,2023,Belgian Grand Prix,Spa-Francorchamps,LEC,Ferrari,12,3,113.523,SOFT,12.0,1,,,18.0,29.1,False,True,
BEL23,2023,Belgian Grand Prix,Spa-Francorchamps,LEC,Ferrari,13,3,117.485,SOFT,13.0,1,,,18.0,28.4,False,True,
BEL23,2023,Belgian Grand Prix,Spa-Francorchamps,LEC,Ferrari,14,3,125.902,MEDIUM,1.0,2,,,18.0,28.3,False,True,
BEL23,2023,Belgian Grand Prix,Spa-Francorchamps,LEC,Ferrari,15,3,111.88,MEDIUM,2.0,2,,,18.2,28.3,False,True,
BEL23,2023,Belgian Grand Prix,Spa-Francorchamps,LEC,Ferrari,16,3,112.064,MEDIUM,3.0,2,,,18.2,28.8,False,True,
BEL23,2023,Belgian Grand Prix,Spa-Francorchamps,LEC,Ferrari,17,3,112.243,MEDIUM,4.0,2,,,18.2,28.3,False,True,
BEL23,2023,Belgian Grand Prix,Spa-Francorchamps,LEC,Ferrari,18,3,112.168,MEDIUM,5.0,2,,,18.1,28.2,False,True,
BEL23,2023,Belgian Grand Prix,Spa-Francorchamps,LEC,Ferrari,19,3,112.868,MEDIUM,6.0,2,,,17.9,27.8,False,True,
BEL23,2023,Belgian Grand Prix,Spa-Francorchamps,LEC,Ferrari,20,3,115.838,MEDIUM,7.0,2,,,17.7,27.4,True,True,
BEL23,2023,Belgian Grand Prix,Spa-Francorchamps,LEC,Ferrari,21,3,115.901,MEDIUM,8.0,2,,,17.6,27.2,True,True,
BEL23,2023,Belgian Grand Prix,Spa-Francorchamps,LEC,Ferrari,22,3,116.499,MEDIUM,9.0,2,,,17.4,25.6,True,True,
BEL23,2023,Belgian Grand Prix,Spa-Francorchamps,LEC,Ferrari,23,3,113.585,MEDIUM,10.0,2,,,17.1,25.1,True,True,
BEL23,2023,Belgian Grand Prix,Spa-Francorchamps,LEC,Ferrari,24,3,111.81,MEDIUM,11.0,2,,,17.0,25.0,True,True,
BEL23,2023,Belgian Grand Prix,Spa-Francorchamps,LEC,Ferrari,25,3,111.717,MEDIUM,12.0,2,,,16.9,25.0,False,True,
BEL23,2023,Belgian Grand Prix,Spa-Francorchamps,LEC,Ferrari,26,3,111.75,MEDIUM,13.0,2,,,16.9,25.9,False,True,
BEL23,2023,Belgian Grand Prix,Spa-Francorchamps,LEC,Ferrari,27,3,111.865,MEDIUM,14.0,2,,,17.0,26.9,False,True,
BEL23,2023,Belgian Grand Prix,Spa-Francorchamps,LEC,Ferrari,28,3,115.953,MEDIUM,15.0,2,,,17.1,27.9,False,True,
BEL23,2023,Belgian Grand Prix,Spa-Francorchamps,LEC,Ferrari,29,3,123.881,SOFT,1.0,3,,,17.6,29.5,False,True,
BEL23,2023,Belgian Grand Prix,Spa-Francorchamps,LEC,Ferrari,30,3,110.436,SOFT,2.0,3,,,17.6,30.3,False,True,
BEL23,2023,Belgian Grand Prix,Spa-Francorchamps,LEC,Ferrari,31,3,110.903,SOFT,3.0,3,,,18.0,31.0,False,True,
BEL23,2023,Belgian Grand Prix,Spa-Francorchamps,LEC,Ferrari,32,3,111.681,SOFT,4.0,3,,,18.3,31.1,False,True,
BEL23,2023,Belgian Grand Prix,Spa-Francorchamps,LEC,Ferrari,33,3,111.189,SOFT,5.0,3,,,18.5,30.0,False,True,
BEL23,2023,Belgian Grand Prix,Spa-Francorchamps,LEC,Ferrari,34,3,110.726,SOFT,6.0,3,,,18.4,29.3,False,True,
BEL23,2023,Belgian Grand Prix,Spa-Francorchamps,LEC,Ferrari,35,3,111.267,SOFT,7.0,3,,,18.5,30.1,False,True,
BEL23,2023,Belgian Grand Prix,Spa-Francorchamps,LEC,Ferrari,36,3,111.143,SOFT,8.0,3,,,18.8,30.7,False,True,
BEL23,2023,Belgian Grand Prix,Spa-Francorchamps,LEC,Ferrari,37,3,111.298,SOFT,9.0,3,,,18.9,30.0,False,True,
BEL23,2023,Belgian Grand Prix,Spa-Francorchamps,LEC,Ferrari,38,3,111.312,SOFT,10.0,3,,,18.8,29.1,False,True,
BEL23,2023,Belgian Grand Prix,Spa-Francorchamps,LEC,Ferrari,39,3,110.919,SOFT,11.0,3,,,18.8,28.8,False,True,
BEL23,2023,Belgian Grand Prix,Spa-Francorchamps,LEC,Ferrari,40,3,111.833,SOFT,12.0,3,,,18.9,29.0,False,True,
BEL23,2023,Belgian Grand Prix,Spa-Francorchamps,LEC,Ferrari,41,3,112.252,SOFT,13.0,3,,,19.0,30.0,False,True,
BEL23,2023,Belgian Grand Prix,Spa-Francorchamps,LEC,Ferrari,42,3,111.419,SOFT,14.0,3,,,19.2,29.3,False,True,
BEL23,2023,Belgian Grand Prix,Spa-Francorchamps,LEC,Ferrari,43,3,112.442,SOFT,15.0,3,,,19.1,28.9,False,True,
BEL23,2023,Belgian Grand Prix,Spa-Francorchamps,LEC,Ferrari,44,3,113.706,SOFT,16.0,3,,,18.9,28.4,False,True,
BEL23,2023,Belgian Grand Prix,Spa-Francorchamps,MAG,Haas F1 Team,1,18,123.83,SOFT,1.0,1,,,18.0,28.6,False,True,
BEL23,2023,Belgian Grand Prix,Spa-Francorchamps,MAG,Haas F1 Team,2,18,115.592,SOFT,2.0,1,,,18.0,29.0,False,True,
BEL23,2023,Belgian Grand Prix,Spa-Francorchamps,MAG,Haas F1 Team,3,18,115.403,SOFT,3.0,1,,,18.1,30.1,False,True,
BEL23,2023,Belgian Grand Prix,Spa-Francorchamps,MAG,Haas F1 Team,4,18,114.635,SOFT,4.0,1,,,18.1,30.4,False,True,
BEL23,2023,Belgian Grand Prix,Spa-Francorchamps,MAG,Haas F1 Team,5,18,119.429,SOFT,5.0,1,,,18.1,31.4,False,True,
BEL23,2023,Belgian Grand Prix,Spa-Francorchamps,MAG,Haas F1 Team,6,18,126.556,MEDIUM,1.0,2,,,18.1,31.5,False,True,
BEL23,2023,Belgian Grand Prix,Spa-Francorchamps,MAG,Haas F1 Team,7,15,111.534,MEDIUM,2.0,2,,,18.1,30.6,False,True,
BEL23,2023,Belgian Grand Prix,Spa-Francorchamps,MAG,Haas F1 Team,8,12,112.645,MEDIUM,3.0,2,,,18.1,30.1,False,True,
BEL23,2023,Belgian Grand Prix,Spa-Francorchamps,MAG,Haas F1 Team,9,12,113.819,MEDIUM,4.0,2,,,18.2,29.6,False,True,
BEL23,2023,Belgian Grand Prix,Spa-Francorchamps,MAG,Haas F1 Team,10,13,114.01,MEDIUM,5.0,2,,,18.3,29.9,False,True,
BEL23,2023,Belgian Grand Prix,Spa-Francorchamps,MAG,Haas F1 Team,11,13,113.589,MEDIUM,6.0,2,,,18.2,29.2,False,True,
BEL23,2023,Belgian Grand Prix,Spa-Francorchamps,MAG,Haas F1 Team,12,13,113.828,MEDIUM,7.0,2,,,18.1,28.8,False,True,
BEL23,2023,Belgian Grand Prix,Spa-Francorchamps,MAG,Haas F1 Team,13,12,114.086,MEDIUM,8.0,2,,,17.9,28.4,False,True,
BEL23,2023,Belgian Grand Prix,Spa-Francorchamps,MAG,Haas F1 Team,14,12,114.434,MEDIUM,9.0,2,,,18.0,28.3,False,True,
BEL23,2023,Belgian Grand Prix,Spa-Francorchamps,MAG,Haas F1 Team,15,12,115.185,MEDIUM,10.0,2,,,18.2,28.3,False,True,
BEL23,2023,Belgian Grand Prix,Spa-Francorchamps,MAG,Haas F1 Team,16,12,114.434,MEDIUM,11.0,2,,,18.2,28.8,False,True,
BEL23,2023,Belgian Grand Prix,Spa-Francorchamps,MAG,Haas F1 Team,17,12,114.689,MEDIUM,12.0,2,,,18.2,28.3,False,True,
BEL23,2023,Belgian Grand Prix,Spa-Francorchamps,MAG,Haas F1 Team,18,12,114.812,MEDIUM,13.0,2,,,18.0,27.9,False,True,
BEL23,2023,Belgian Grand Prix,Spa-Francorchamps,MAG,Haas F1 Team,19,12,114.843,MEDIUM,14.0,2,,,17.9,27.5,True,True,
BEL23,2023,Belgian Grand Prix,Spa-Francorchamps,MAG,Haas F1 Team,20,12,115.621,MEDIUM,15.0,2,,,17.7,27.2,True,True,
BEL23,2023,Belgian Grand Prix,Spa-Francorchamps,MAG,Haas F1 Team,21,11,116.026,MEDIUM,16.0,2,,,17.5,26.0,True,True,
BEL23,2023,Belgian Grand Prix,Spa-Francorchamps,MAG,Haas F1 Team,22,11,116.72,MEDIUM,17.0,2,,,17.3,25.3,True,True,
BEL23,2023,Belgian Grand Prix,Spa-Francorchamps,MAG,Haas F1 Team,23,9,114.764,MEDIUM,18.0,2,,,17.1,25.0,True,True,
BEL23,2023,Belgian Grand Prix,Spa-Francorchamps,MAG,Haas F1 Team,24,8,114.351,MEDIUM,19.0,2,,,17.0,25.0,False,True,
BEL23,2023,Belgian Grand Prix,Spa-Francorchamps,MAG,Haas F1 Team,25,9,118.299,MEDIUM,20.0,2,,,16.8,25.6,False,True,
BEL23,2023,Belgian Grand Prix,Spa-Francorchamps,MAG,Haas F1 Team,26,14,125.615,MEDIUM,1.0,3,,,16.9,26.1,False,True,
BEL23,2023,Belgian Grand Prix,Spa-Francorchamps,MAG,Haas F1 Team,27,14,110.993,MEDIUM,2.0,3,,,17.1,27.9,False,True,
BEL23,2023,Belgian Grand Prix,Spa-Francorchamps,MAG,Haas F1 Team,28,14,111.362,MEDIUM,3.0,3,,,17.3,27.9,False,True,
BEL23,2023,Belgian Grand Prix,Spa-Francorchamps,MAG,Haas F1 Team,29,14,111.804,MEDIUM,4.0,3,,,17.6,29.5,False,True,
BEL23,2023,Belgian Grand Prix,Spa-Francorchamps,MAG,Haas F1 Team,30,14,112.039,MEDIUM,5.0,3,,,17.7,30.6,False,True,
BEL23,2023,Belgian Grand Prix,Spa-Francorchamps,MAG,Haas F1 Team,31,14,112.541,MEDIUM,6.0,3,,,18.1,31.0,False,True,
BEL23,2023,Belgian Grand Prix,Spa-Francorchamps,MAG,Haas F1 Team,32,14,112.826,MEDIUM,7.0,3,,,18.4,31.0,False,True,
BEL23,2023,Belgian Grand Prix,Spa-Francorchamps,MAG,Haas F1 Team,33,13,112.814,MEDIUM,8.0,3,,,18.5,29.7,False,True,
BEL23,2023,Belgian Grand Prix,Spa-Francorchamps,MAG,Haas F1 Team,34,13,112.789,MEDIUM,9.0,3,,,18.4,29.3,False,True,
BEL23,2023,Belgian Grand Prix,Spa-Francorchamps,MAG,Haas F1 Team,35,13,113.23,MEDIUM,10.0,3,,,18.8,30.7,False,True,
BEL23,2023,Belgian Grand Prix,Spa-Francorchamps,MAG,Haas F1 Team,36,13,113.437,MEDIUM,11.0,3,,,18.8,30.7,False,True,
BEL23,2023,Belgian Grand Prix,Spa-Francorchamps,MAG,Haas F1 Team,37,13,113.413,MEDIUM,12.0,3,,,18.8,29.1,False,True,
BEL23,2023,Belgian Grand Prix,Spa-Francorchamps,MAG,Haas F1 Team,38,13,113.103,MEDIUM,13.0,3,,,18.7,28.8,False,True,
BEL23,2023,Belgian Grand Prix,Spa-Francorchamps,MAG,Haas F1 Team,39,13,113.436,MEDIUM,14.0,3,,,18.8,28.8,False,True,
BEL23,2023,Belgian Grand Prix,Spa-Francorchamps,MAG,Haas F1 Team,40,13,113.598,MEDIUM,15.0,3,,,19.0,29.9,False,True,
BEL23,2023,Belgian Grand Prix,Spa-Francorchamps,MAG,Haas F1 Team,41,13,113.446,MEDIUM,16.0,3,,,19.1,29.7,False,True,
BEL23,2023,Belgian Grand Prix,Spa-Francorchamps,MAG,Haas F1 Team,42,15,115.236,MEDIUM,17.0,3,,,19.1,28.9,False,True,
BEL23,2023,Belgian Grand Prix,Spa-Francorchamps,MAG,Haas F1 Team,43,15,113.95,MEDIUM,18.0,3,,,18.9,28.4,False,True,
BEL23,2023,Belgian Grand Prix,Spa-Francorchamps,MAG,Haas F1 Team,44,15,113.438,MEDIUM,19.0,3,,,18.7,28.0,False,True,
BEL23,2023,Belgian Grand Prix,Spa-Francorchamps,NOR,McLaren,1,7,118.832,MEDIUM,1.0,1,,,18.0,28.6,False,True,
BEL23,2023,Belgian Grand Prix,Spa-Francorchamps,NOR,McLaren,2,7,114.921,MEDIUM,2.0,1,,,18.0,29.0,False,True,
BEL23,2023,Belgian Grand Prix,Spa-Francorchamps,NOR,McLaren,3,8,114.717,MEDIUM,3.0,1,,,18.1,30.1,False,True,
BEL23,2023,Belgian Grand Prix,Spa-Francorchamps,NOR,McLaren,4,10,116.661,MEDIUM,4.0,1,,,18.1,30.4,False,True,
BEL23,2023,Belgian Grand Prix,Spa-Francorchamps,NOR,McLaren,5,17,120.43,MEDIUM,5.0,1,,,18.1,31.4,False,True,
BEL23,2023,Belgian Grand Prix,Spa-Francorchamps,NOR,McLaren,6,17,129.109,HARD,1.0,2,,,18.1,31.5,False,True,
BEL23,2023,Belgian Grand Prix,Spa-Francorchamps,NOR,McLaren,7,16,113.072,HARD,2.0,2,,,18.1,30.6,False,True,
BEL23,2023,Belgian Grand Prix,Spa-Francorchamps,NOR,McLaren,8,15,113.812,HARD,3.0,2,,,18.1,30.1,False,True,
BEL23,2023,Belgian Grand Prix,Spa-Francorchamps,NOR,McLaren,9,14,113.209,HARD,4.0,2,,,18.2,29.6,False,True,
BEL23,2023,Belgian Grand Prix,Spa-Francorchamps,NOR,McLaren,10,15,114.599,HARD,5.0,2,,,18.3,29.9,False,True,
BEL23,2023,Belgian Grand Prix,Spa-Francorchamps,NOR,McLaren,11,15,113.289,HARD,6.0,2,,,18.2,29.2,False,True,
BEL23,2023,Belgian Grand Prix,Spa-Francorchamps,NOR,McLaren,12,15,113.561,HARD,7.0,2,,,18.1,28.8,False,True,
BEL23,2023,Belgian Grand Prix,Spa-Francorchamps,NOR,McLaren,13,14,114.112,HARD,8.0,2,,,17.9,28.4,False,True,
BEL23,2023,Belgian Grand Prix,Spa-Francorchamps,NOR,McLaren,14,15,115.04,HARD,9.0,2,,,18.0,28.3,False,True,
BEL23,2023,Belgian Grand Prix,Spa-Francorchamps,NOR,McLaren,15,15,115.659,HARD,10.0,2,,,18.2,28.3,False,True,
BEL23,2023,Belgian Grand Prix,Spa-Francorchamps,NOR,McLaren,16,16,115.611,HARD,11.0,2,,,18.2,28.8,False,True,
BEL23,2023,Belgian Grand Prix,Spa-Francorchamps,NOR,McLaren,17,16,118.917,HARD,12.0,2,,,18.2,28.3,False,True,
BEL23,2023,Belgian Grand Prix,Spa-Francorchamps,NOR,McLaren,18,19,126.244,SOFT,1.0,3,,,18.0,27.9,False,True,
BEL23,2023,Belgian Grand Prix,Spa-Francorchamps,NOR,McLaren,19,18,111.729,SOFT,2.0,3,,,17.9,27.5,True,True,
BEL23,2023,Belgian Grand Prix,Spa-Francorchamps,NOR,McLaren,20,18,111.745,SOFT,3.0,3,,,17.7,27.2,True,True,
BEL23,2023,Belgian Grand Prix,Spa-Francorchamps,NOR,McLaren,21,17,113.769,SOFT,4.0,3,,,17.5,26.0,True,True,
BEL23,2023,Belgian Grand Prix,Spa-Francorchamps,NOR,McLaren,22,15,113.725,SOFT,5.0,3,,,17.3,25.3,True,True,
BEL23,2023,Belgian Grand Prix,Spa-Francorchamps,NOR,McLaren,23,13,112.578,SOFT,6.0,3,,,17.1,25.0,True,True,
BEL23,2023,Belgian Grand Prix,Spa-Francorchamps,NOR,McLaren,24,9,112.859,SOFT,7.0,3,,,17.0,25.0,False,True,
BEL23,2023,Belgian Grand Prix,Spa-Francorchamps,NOR,McLaren,25,8,112.283,SOFT,8.0,3,,,16.8,25.6,False,True,
BEL23,2023,Belgian Grand Prix,Spa-Francorchamps,NOR,McLaren,26,7,111.682,SOFT,9.0,3,,,16.9,25.9,False,True,
BEL23,2023,Belgian Grand Prix,Spa-Francorchamps,NOR,McLaren,27,7,111.789,SOFT,10.0,3,,,17.0,26.9,False,True,
BEL23,2023,Belgian Grand Prix,Spa-Francorchamps,NOR,McLaren,28,7,111.991,SOFT,11.0,3,,,17.3,27.9,False,True,
BEL23,2023,Belgian Grand Prix,Spa-Francorchamps,NOR,McLaren,29,7,112.195,SOFT,12.0,3,,,17.6,29.5,False,True,
BEL23,2023,Belgian Grand Prix,Spa-Francorchamps,NOR,McLaren,30,7,112.289,SOFT,13.0,3,,,17.7,30.6,False,True,
BEL23,2023,Belgian Grand Prix,Spa-Francorchamps,NOR,McLaren,31,7,112.21,SOFT,14.0,3,,,18.1,31.0,False,True,
BEL23,2023,Belgian Grand Prix,Spa-Francorchamps,NOR,McLaren,32,7,111.914,SOFT,15.0,3,,,18.4,31.0,False,True,
BEL23,2023,Belgian Grand Prix,Spa-Francorchamps,NOR,McLaren,33,7,112.239,SOFT,16.0,3,,,18.5,30.0,False,True,
BEL23,2023,Belgian Grand Prix,Spa-Francorchamps,NOR,McLaren,34,7,112.221,SOFT,17.0,3,,,18.4,29.3,False,True,
BEL23,2023,Belgian Grand Prix,Spa-Francorchamps,NOR,McLaren,35,7,112.736,SOFT,18.0,3,,,18.5,30.1,False,True,
BEL23,2023,Belgian Grand Prix,Spa-Francorchamps,NOR,McLaren,36,7,112.433,SOFT,19.0,3,,,18.8,30.7,False,True,
BEL23,2023,Belgian Grand Prix,Spa-Francorchamps,NOR,McLaren,37,7,112.618,SOFT,20.0,3,,,18.8,29.1,False,True,
BEL23,2023,Belgian Grand Prix,Spa-Francorchamps,NOR,McLaren,38,7,112.659,SOFT,21.0,3,,,18.7,28.8,False,True,
BEL23,2023,Belgian Grand Prix,Spa-Francorchamps,NOR,McLaren,39,7,112.717,SOFT,22.0,3,,,18.8,28.8,False,True,
BEL23,2023,Belgian Grand Prix,Spa-Francorchamps,NOR,McLaren,40,7,112.811,SOFT,23.0,3,,,19.0,29.9,False,True,
BEL23,2023,Belgian Grand Prix,Spa-Francorchamps,NOR,McLaren,41,7,112.428,SOFT,24.0,3,,,19.0,30.0,False,True,
BEL23,2023,Belgian Grand Prix,Spa-Francorchamps,NOR,McLaren,42,7,112.0,SOFT,25.0,3,,,19.2,29.3,False,True,
BEL23,2023,Belgian Grand Prix,Spa-Francorchamps,NOR,McLaren,43,7,112.309,SOFT,26.0,3,,,18.8,28.4,False,True,
BEL23,2023,Belgian Grand Prix,Spa-Francorchamps,NOR,McLaren,44,7,112.445,SOFT,27.0,3,,,18.7,28.3,False,True,
BEL23,2023,Belgian Grand Prix,Spa-Francorchamps,OCO,Alpine,1,13,121.887,SOFT,1.0,1,,,18.0,28.6,False,True,
BEL23,2023,Belgian Grand Prix,Spa-Francorchamps,OCO,Alpine,2,13,115.421,SOFT,2.0,1,,,18.0,29.0,False,True,
BEL23,2023,Belgian Grand Prix,Spa-Francorchamps,OCO,Alpine,3,12,113.76,SOFT,3.0,1,,,18.1,30.1,False,True,
BEL23,2023,Belgian Grand Prix,Spa-Francorchamps,OCO,Alpine,4,12,114.967,SOFT,4.0,1,,,18.1,30.4,False,True,
BEL23,2023,Belgian Grand Prix,Spa-Francorchamps,OCO,Alpine,5,11,115.853,SOFT,5.0,1,,,18.1,31.4,False,True,
BEL23,2023,Belgian Grand Prix,Spa-Francorchamps,OCO,Alpine,6,15,120.088,SOFT,6.0,1,,,18.1,31.5,False,True,
BEL23,2023,Belgian Grand Prix,Spa-Francorchamps,OCO,Alpine,7,17,126.224,MEDIUM,1.0,2,,,18.1,30.6,False,True,
BEL23,2023,Belgian Grand Prix,Spa-Francorchamps,OCO,Alpine,8,14,112.486,MEDIUM,2.0,2,,,18.1,30.1,False,True,
BEL23,2023,Belgian Grand Prix,Spa-Francorchamps,OCO,Alpine,9,13,113.128,MEDIUM,3.0,2,,,18.2,29.6,False,True,
BEL23,2023,Belgian Grand Prix,Spa-Francorchamps,OCO,Alpine,10,12,112.232,MEDIUM,4.0,2,,,18.3,29.9,False,True,
BEL23,2023,Belgian Grand Prix,Spa-Francorchamps,OCO,Alpine,11,12,112.962,MEDIUM,5.0,2,,,18.2,29.2,False,True,
BEL23,2023,Belgian Grand Prix,Spa-Francorchamps,OCO,Alpine,12,11,113.238,MEDIUM,6.0,2,,,18.1,28.8,False,True,
BEL23,2023,Belgian Grand Prix,Spa-Francorchamps,OCO,Alpine,13,11,113.389,MEDIUM,7.0,2,,,18.0,28.4,False,True,
BEL23,2023,Belgian Grand Prix,Spa-Francorchamps,OCO,Alpine,14,11,114.085,MEDIUM,8.0,2,,,18.0,28.3,False,True,
BEL23,2023,Belgian Grand Prix,Spa-Francorchamps,OCO,Alpine,15,11,114.456,MEDIUM,9.0,2,,,18.2,28.3,False,True,
BEL23,2023,Belgian Grand Prix,Spa-Francorchamps,OCO,Alpine,16,10,113.606,MEDIUM,10.0,2,,,18.2,28.8,False,True,
BEL23,2023,Belgian Grand Prix,Spa-Francorchamps,OCO,Alpine,17,10,113.702,MEDIUM,11.0,2,,,18.2,28.3,False,True,
BEL23,2023,Belgian Grand Prix,Spa-Francorchamps,OCO,Alpine,18,10,114.951,MEDIUM,12.0,2,,,18.0,27.9,False,True,
BEL23,2023,Belgian Grand Prix,Spa-Francorchamps,OCO,Alpine,19,10,115.886,MEDIUM,13.0,2,,,17.9,27.5,True,True,
BEL23,2023,Belgian Grand Prix,Spa-Francorchamps,OCO,Alpine,20,9,116.533,MEDIUM,14.0,2,,,17.7,27.2,True,True,
BEL23,2023,Belgian Grand Prix,Spa-Francorchamps,OCO,Alpine,21,9,116.379,MEDIUM,15.0,2,,,17.5,26.0,True,True,
BEL23,2023,Belgian Grand Prix,Spa-Francorchamps,OCO,Alpine,22,10,117.125,MEDIUM,16.0,2,,,17.3,25.3,True,True,
BEL23,2023,Belgian Grand Prix,Spa-Francorchamps,OCO,Alpine,23,7,115.109,MEDIUM,17.0,2,,,17.1,25.0,True,True,
BEL23,2023,Belgian Grand Prix,Spa-Francorchamps,OCO,Alpine,24,7,113.714,MEDIUM,18.0,2,,,17.0,25.0,False,True,
BEL23,2023,Belgian Grand Prix,Spa-Francorchamps,OCO,Alpine,25,6,117.52,MEDIUM,19.0,2,,,16.9,25.0,False,True,
BEL23,2023,Belgian Grand Prix,Spa-Francorchamps,OCO,Alpine,26,12,125.354,SOFT,1.0,3,,,16.9,26.1,False,True,
BEL23,2023,Belgian Grand Prix,Spa-Francorchamps,OCO,Alpine,27,12,110.439,SOFT,2.0,3,,,17.0,26.9,False,True,
BEL23,2023,Belgian Grand Prix,Spa-Francorchamps,OCO,Alpine,28,12,110.774,SOFT,3.0,3,,,17.3,27.9,False,True,
BEL23,2023,Belgian Grand Prix,Spa-Francorchamps,OCO,Alpine,29,11,112.095,SOFT,4.0,3,,,17.6,29.5,False,True,
BEL23,2023,Belgian Grand Prix,Spa-Francorchamps,OCO,Alpine,30,10,111.758,SOFT,5.0,3,,,17.7,30.6,False,True,
BEL23,2023,Belgian Grand Prix,Spa-Francorchamps,OCO,Alpine,31,10,111.807,SOFT,6.0,3,,,18.1,31.0,False,True,
BEL23,2023,Belgian Grand Prix,Spa-Francorchamps,OCO,Alpine,32,10,111.595,SOFT,7.0,3,,,18.4,31.0,False,True,
BEL23,2023,Belgian Grand Prix,Spa-Francorchamps,OCO,Alpine,33,10,111.864,SOFT,8.0,3,,,18.5,29.7,False,True,
BEL23,2023,Belgian Grand Prix,Spa-Francorchamps,OCO,Alpine,34,10,112.092,SOFT,9.0,3,,,18.4,29.3,False,True,
BEL23,2023,Belgian Grand Prix,Spa-Francorchamps,OCO,Alpine,35,10,112.727,SOFT,10.0,3,,,18.5,30.1,False,True,
BEL23,2023,Belgian Grand Prix,Spa-Francorchamps,OCO,Alpine,36,10,112.533,SOFT,11.0,3,,,18.8,30.7,False,True,
BEL23,2023,Belgian Grand Prix,Spa-Francorchamps,OCO,Alpine,37,10,111.809,SOFT,12.0,3,,,18.8,29.1,False,True,
BEL23,2023,Belgian Grand Prix,Spa-Francorchamps,OCO,Alpine,38,9,111.484,SOFT,13.0,3,,,18.7,28.8,False,True,
BEL23,2023,Belgian Grand Prix,Spa-Francorchamps,OCO,Alpine,39,9,111.869,SOFT,14.0,3,,,18.8,28.8,False,True,
BEL23,2023,Belgian Grand Prix,Spa-Francorchamps,OCO,Alpine,40,9,111.876,SOFT,15.0,3,,,19.0,29.9,False,True,
BEL23,2023,Belgian Grand Prix,Spa-Francorchamps,OCO,Alpine,41,8,111.098,SOFT,16.0,3,,,19.1,29.7,False,True,
BEL23,2023,Belgian Grand Prix,Spa-Francorchamps,OCO,Alpine,42,8,111.71,SOFT,17.0,3,,,19.2,29.3,False,True,
BEL23,2023,Belgian Grand Prix,Spa-Francorchamps,OCO,Alpine,43,8,111.664,SOFT,18.0,3,,,18.8,28.4,False,True,
BEL23,2023,Belgian Grand Prix,Spa-Francorchamps,OCO,Alpine,44,8,111.92,SOFT,19.0,3,,,18.7,28.3,False,True,
BEL23,2023,Belgian Grand Prix,Spa-Francorchamps,PER,Red Bull Racing,1,1,113.295,SOFT,1.0,1,,,18.0,28.6,False,True,
BEL23,2023,Belgian Grand Prix,Spa-Francorchamps,PER,Red Bull Racing,2,1,112.166,SOFT,2.0,1,,,18.0,29.0,False,True,
BEL23,2023,Belgian Grand Prix,Spa-Francorchamps,PER,Red Bull Racing,3,1,112.153,SOFT,3.0,1,,,18.1,30.1,False,True,
BEL23,2023,Belgian Grand Prix,Spa-Francorchamps,PER,Red Bull Racing,4,1,112.336,SOFT,4.0,1,,,18.1,30.4,False,True,
BEL23,2023,Belgian Grand Prix,Spa-Francorchamps,PER,Red Bull Racing,5,1,112.572,SOFT,5.0,1,,,18.1,31.4,False,True,
BEL23,2023,Belgian Grand Prix,Spa-Francorchamps,PER,Red Bull Racing,6,1,112.466,SOFT,6.0,1,,,18.1,31.5,False,True,
BEL23,2023,Belgian Grand Prix,Spa-Francorchamps,PER,Red Bull Racing,7,1,112.52,SOFT,7.0,1,,,18.1,30.7,False,True,
BEL23,2023,Belgian Grand Prix,Spa-Francorchamps,PER,Red Bull Racing,8,1,112.305,SOFT,8.0,1,,,18.1,30.2,False,True,
BEL23,2023,Belgian Grand Prix,Spa-Francorchamps,PER,Red Bull Racing,9,1,112.465,SOFT,9.0,1,,,18.2,29.6,False,True,
BEL23,2023,Belgian Grand Prix,Spa-Francorchamps,PER,Red Bull Racing,10,1,112.72,SOFT,10.0,1,,,18.2,29.8,False,True,
BEL23,2023,Belgian Grand Prix,Spa-Francorchamps,PER,Red Bull Racing,11,1,112.644,SOFT,11.0,1,,,18.1,29.5,False,True,
BEL23,2023,Belgian Grand Prix,Spa-Francorchamps,PER,Red Bull Racing,12,1,112.973,SOFT,12.0,1,,,18.0,29.1,False,True,
BEL23,2023,Belgian Grand Prix,Spa-Francorchamps,PER,Red Bull Racing,13,2,117.632,SOFT,13.0,1,,,18.0,28.4,False,True,
BEL23,2023,Belgian Grand Prix,Spa-Francorchamps,PER,Red Bull Racing,14,2,126.242,MEDIUM,1.0,2,,,18.0,28.3,False,True,
BEL23,2023,Belgian Grand Prix,Spa-Francorchamps,PER,Red Bull Racing,15,1,111.621,MEDIUM,2.0,2,,,18.2,28.3,False,True,
BEL23,2023,Belgian Grand Prix,Spa-Francorchamps,PER,Red Bull Racing,16,1,111.416,MEDIUM,3.0,2,,,18.2,28.8,False,True,
BEL23,2023,Belgian Grand Prix,Spa-Francorchamps,PER,Red Bull Racing,17,2,112.175,MEDIUM,4.0,2,,,18.2,28.3,False,True,
BEL23,2023,Belgian Grand Prix,Spa-Francorchamps,PER,Red Bull Racing,18,2,112.289,MEDIUM,5.0,2,,,18.1,28.2,False,True,
BEL23,2023,Belgian Grand Prix,Spa-Francorchamps,PER,Red Bull Racing,19,2,113.525,MEDIUM,6.0,2,,,17.9,27.8,False,True,
BEL23,2023,Belgian Grand Prix,Spa-Francorchamps,PER,Red Bull Racing,20,2,115.459,MEDIUM,7.0,2,,,17.7,27.4,True,True,
BEL23,2023,Belgian Grand Prix,Spa-Francorchamps,PER,Red Bull Racing,21,2,115.448,MEDIUM,8.0,2,,,17.6,27.2,True,True,
BEL23,2023,Belgian Grand Prix,Spa-Francorchamps,PER,Red Bull Racing,22,2,116.286,MEDIUM,9.0,2,,,17.4,25.6,True,True,
BEL23,2023,Belgian Grand Prix,Spa-Francorchamps,PER,Red Bull Racing,23,2,113.361,MEDIUM,10.0,2,,,17.1,25.1,True,True,
BEL23,2023,Belgian Grand Prix,Spa-Francorchamps,PER,Red Bull Racing,24,2,111.716,MEDIUM,11.0,2,,,17.0,25.0,True,True,
BEL23,2023,Belgian Grand Prix,Spa-Francorchamps,PER,Red Bull Racing,25,2,111.692,MEDIUM,12.0,2,,,16.9,25.0,False,True,
BEL23,2023,Belgian Grand Prix,Spa-Francorchamps,PER,Red Bull Racing,26,2,111.891,MEDIUM,13.0,2,,,16.9,25.9,False,True,
BEL23,2023,Belgian Grand Prix,Spa-Francorchamps,PER,Red Bull Racing,27,2,112.199,MEDIUM,14.0,2,,,16.9,26.1,False,True,
BEL23,2023,Belgian Grand Prix,Spa-Francorchamps,PER,Red Bull Racing,28,2,112.162,MEDIUM,15.0,2,,,17.1,27.9,False,True,
BEL23,2023,Belgian Grand Prix,Spa-Francorchamps,PER,Red Bull Racing,29,2,116.724,MEDIUM,16.0,2,,,17.4,29.3,False,True,
BEL23,2023,Belgian Grand Prix,Spa-Francorchamps,PER,Red Bull Racing,30,2,124.522,SOFT,1.0,3,,,17.6,30.3,False,True,
BEL23,2023,Belgian Grand Prix,Spa-Francorchamps,PER,Red Bull Racing,31,2,110.308,SOFT,2.0,3,,,18.0,31.0,False,True,
BEL23,2023,Belgian Grand Prix,Spa-Francorchamps,PER,Red Bull Racing,32,2,111.184,SOFT,3.0,3,,,18.3,31.1,False,True,
BEL23,2023,Belgian Grand Prix,Spa-Francorchamps,PER,Red Bull Racing,33,2,111.44,SOFT,4.0,3,,,18.5,30.0,False,True,
BEL23,2023,Belgian Grand Prix,Spa-Francorchamps,PER,Red Bull Racing,34,2,111.387,SOFT,5.0,3,,,18.4,29.3,False,True,
BEL23,2023,Belgian Grand Prix,Spa-Francorchamps,PER,Red Bull Racing,35,2,110.827,SOFT,6.0,3,,,18.5,30.1,False,True,
BEL23,2023,Belgian Grand Prix,Spa-Francorchamps,PER,Red Bull Racing,36,2,111.082,SOFT,7.0,3,,,18.8,30.7,False,True,
BEL23,2023,Belgian Grand Prix,Spa-Francorchamps,PER,Red Bull Racing,37,2,111.103,SOFT,8.0,3,,,18.9,30.0,False,True,
BEL23,2023,Belgian Grand Prix,Spa-Francorchamps,PER,Red Bull Racing,38,2,111.42,SOFT,9.0,3,,,18.8,29.1,False,True,
BEL23,2023,Belgian Grand Prix,Spa-Francorchamps,PER,Red Bull Racing,39,2,111.117,SOFT,10.0,3,,,18.8,28.8,False,True,
BEL23,2023,Belgian Grand Prix,Spa-Francorchamps,PER,Red Bull Racing,40,2,111.318,SOFT,11.0,3,,,18.9,29.0,False,True,
BEL23,2023,Belgian Grand Prix,Spa-Francorchamps,PER,Red Bull Racing,41,2,110.935,SOFT,12.0,3,,,19.0,30.0,False,True,
BEL23,2023,Belgian Grand Prix,Spa-Francorchamps,PER,Red Bull Racing,42,2,111.24,SOFT,13.0,3,,,19.2,29.3,False,True,
BEL23,2023,Belgian Grand Prix,Spa-Francorchamps,PER,Red Bull Racing,43,2,110.911,SOFT,14.0,3,,,19.1,28.9,False,True,
BEL23,2023,Belgian Grand Prix,Spa-Francorchamps,PER,Red Bull Racing,44,2,111.508,SOFT,15.0,3,,,18.9,28.4,False,True,
BEL23,2023,Belgian Grand Prix,Spa-Francorchamps,PIA,McLaren,1,,,MEDIUM,1.0,1,,,18.0,28.6,False,False,Missing Lap Time
BEL23,2023,Belgian Grand Prix,Spa-Francorchamps,RIC,AlphaTauri,1,19,124.175,SOFT,1.0,1,,,18.0,28.6,False,True,
BEL23,2023,Belgian Grand Prix,Spa-Francorchamps,RIC,AlphaTauri,2,19,116.01,SOFT,2.0,1,,,18.0,29.0,False,True,
BEL23,2023,Belgian Grand Prix,Spa-Francorchamps,RIC,AlphaTauri,3,19,115.204,SOFT,3.0,1,,,18.1,30.1,False,True,
BEL23,2023,Belgian Grand Prix,Spa-Francorchamps,RIC,AlphaTauri,4,19,114.815,SOFT,4.0,1,,,18.1,30.4,False,True,
BEL23,2023,Belgian Grand Prix,Spa-Francorchamps,RIC,AlphaTauri,5,19,119.336,SOFT,5.0,1,,,18.1,31.4,False,True,
BEL23,2023,Belgian Grand Prix,Spa-Francorchamps,RIC,AlphaTauri,6,19,127.338,MEDIUM,1.0,2,,,18.1,31.5,False,True,
BEL23,2023,Belgian Grand Prix,Spa-Francorchamps,RIC,AlphaTauri,7,18,112.398,MEDIUM,2.0,2,,,18.1,30.6,False,True,
BEL23,2023,Belgian Grand Prix,Spa-Francorchamps,RIC,AlphaTauri,8,16,112.975,MEDIUM,3.0,2,,,18.1,30.1,False,True,
BEL23,2023,Belgian Grand Prix,Spa-Francorchamps,RIC,AlphaTauri,9,15,113.378,MEDIUM,4.0,2,,,18.2,29.6,False,True,
BEL23,2023,Belgian Grand Prix,Spa-Francorchamps,RIC,AlphaTauri,10,14,113.034,MEDIUM,5.0,2,,,18.3,29.9,False,True,
BEL23,2023,Belgian Grand Prix,Spa-Francorchamps,RIC,AlphaTauri,11,14,113.369,MEDIUM,6.0,2,,,18.2,29.2,False,True,
BEL23,2023,Belgian Grand Prix,Spa-Francorchamps,RIC,AlphaTauri,12,14,113.535,MEDIUM,7.0,2,,,18.1,28.8,False,True,
BEL23,2023,Belgian Grand Prix,Spa-Francorchamps,RIC,AlphaTauri,13,13,114.036,MEDIUM,8.0,2,,,17.9,28.4,False,True,
BEL23,2023,Belgian Grand Prix,Spa-Francorchamps,RIC,AlphaTauri,14,13,114.323,MEDIUM,9.0,2,,,18.0,28.3,False,True,
BEL23,2023,Belgian Grand Prix,Spa-Francorchamps,RIC,AlphaTauri,15,13,115.31,MEDIUM,10.0,2,,,18.2,28.3,False,True,
BEL23,2023,Belgian Grand Prix,Spa-Francorchamps,RIC,AlphaTauri,16,13,114.625,MEDIUM,11.0,2,,,18.2,28.8,False,True,
BEL23,2023,Belgian Grand Prix,Spa-Francorchamps,RIC,AlphaTauri,17,13,114.58,MEDIUM,12.0,2,,,18.2,28.3,False,True,
BEL23,2023,Belgian Grand Prix,Spa-Francorchamps,RIC,AlphaTauri,18,13,114.826,MEDIUM,13.0,2,,,18.0,27.9,False,True,
BEL23,2023,Belgian Grand Prix,Spa-Francorchamps,RIC,AlphaTauri,19,13,115.001,MEDIUM,14.0,2,,,17.9,27.5,True,True,
BEL23,2023,Belgian Grand Prix,Spa-Francorchamps,RIC,AlphaTauri,20,13,115.672,MEDIUM,15.0,2,,,17.7,27.2,True,True,
BEL23,2023,Belgian Grand Prix,Spa-Francorchamps,RIC,AlphaTauri,21,12,117.354,MEDIUM,16.0,2,,,17.5,26.0,True,True,
BEL23,2023,Belgian Grand Prix,Spa-Francorchamps,RIC,AlphaTauri,22,17,125.575,MEDIUM,17.0,2,,,17.3,25.3,True,True,
BEL23,2023,Belgian Grand Prix,Spa-Francorchamps,RIC,AlphaTauri,23,18,129.835,MEDIUM,1.0,3,,,17.1,25.0,True,True,
BEL23,2023,Belgian Grand Prix,Spa-Francorchamps,RIC,AlphaTauri,24,18,111.719,MEDIUM,2.0,3,,,17.0,25.0,False,True,
BEL23,2023,Belgian Grand Prix,Spa-Francorchamps,RIC,AlphaTauri,25,16,110.994,MEDIUM,3.0,3,,,16.8,25.6,False,True,
BEL23,2023,Belgian Grand Prix,Spa-Francorchamps,RIC,AlphaTauri,26,16,111.932,MEDIUM,4.0,3,,,16.9,26.1,False,True,
BEL23,2023,Belgian Grand Prix,Spa-Francorchamps,RIC,AlphaTauri,27,16,111.567,MEDIUM,5.0,3,,,17.1,27.9,False,True,
BEL23,2023,Belgian Grand Prix,Spa-Francorchamps,RIC,AlphaTauri,28,16,111.634,MEDIUM,6.0,3,,,17.3,27.9,False,True,
BEL23,2023,Belgian Grand Prix,Spa-Francorchamps,RIC,AlphaTauri,29,16,112.143,MEDIUM,7.0,3,,,17.6,29.5,False,True,
BEL23,2023,Belgian Grand Prix,Spa-Francorchamps,RIC,AlphaTauri,30,16,111.975,MEDIUM,8.0,3,,,17.7,30.6,False,True,
BEL23,2023,Belgian Grand Prix,Spa-Francorchamps,RIC,AlphaTauri,31,16,112.068,MEDIUM,9.0,3,,,18.1,31.0,False,True,
BEL23,2023,Belgian Grand Prix,Spa-Francorchamps,RIC,AlphaTauri,32,16,112.419,MEDIUM,10.0,3,,,18.4,31.0,False,True,
BEL23,2023,Belgian Grand Prix,Spa-Francorchamps,RIC,AlphaTauri,33,16,112.469,MEDIUM,11.0,3,,,18.5,29.7,False,True,
BEL23,2023,Belgian Grand Prix,Spa-Francorchamps,RIC,AlphaTauri,34,15,112.824,MEDIUM,12.0,3,,,18.4,29.3,False,True,
BEL23,2023,Belgian Grand Prix,Spa-Francorchamps,RIC,AlphaTauri,35,15,113.391,MEDIUM,13.0,3,,,18.8,30.7,False,True,
BEL23,2023,Belgian Grand Prix,Spa-Francorchamps,RIC,AlphaTauri,36,15,113.215,MEDIUM,14.0,3,,,18.8,30.7,False,True,
BEL23,2023,Belgian Grand Prix,Spa-Francorchamps,RIC,AlphaTauri,37,15,113.131,MEDIUM,15.0,3,,,18.8,29.1,False,True,
BEL23,2023,Belgian Grand Prix,Spa-Francorchamps,RIC,AlphaTauri,38,15,113.461,MEDIUM,16.0,3,,,18.7,28.8,False,True,
BEL23,2023,Belgian Grand Prix,Spa-Francorchamps,RIC,AlphaTauri,39,16,114.52,MEDIUM,17.0,3,,,18.8,28.8,False,True,
BEL23,2023,Belgian Grand Prix,Spa-Francorchamps,RIC,AlphaTauri,40,17,114.361,MEDIUM,18.0,3,,,19.0,29.9,False,True,
BEL23,2023,Belgian Grand Prix,Spa-Francorchamps,RIC,AlphaTauri,41,17,113.367,MEDIUM,19.0,3,,,19.1,29.7,False,True,
BEL23,2023,Belgian Grand Prix,Spa-Francorchamps,RIC,AlphaTauri,42,16,115.247,MEDIUM,20.0,3,,,19.1,28.9,False,True,
BEL23,2023,Belgian Grand Prix,Spa-Francorchamps,RIC,AlphaTauri,43,16,112.115,MEDIUM,21.0,3,,,18.9,28.4,False,True,
BEL23,2023,Belgian Grand Prix,Spa-Francorchamps,RIC,AlphaTauri,44,16,112.265,MEDIUM,22.0,3,,,18.7,28.0,False,True,
BEL23,2023,Belgian Grand Prix,Spa-Francorchamps,RUS,Mercedes,1,11,120.809,MEDIUM,1.0,1,,,18.0,28.6,False,True,
BEL23,2023,Belgian Grand Prix,Spa-Francorchamps,RUS,Mercedes,2,11,115.207,MEDIUM,2.0,1,,,18.0,29.0,False,True,
BEL23,2023,Belgian Grand Prix,Spa-Francorchamps,RUS,Mercedes,3,11,114.15,MEDIUM,3.0,1,,,18.1,30.1,False,True,
BEL23,2023,Belgian Grand Prix,Spa-Francorchamps,RUS,Mercedes,4,11,115.162,MEDIUM,4.0,1,,,18.1,30.4,False,True,
BEL23,2023,Belgian Grand Prix,Spa-Francorchamps,RUS,Mercedes,5,10,115.531,MEDIUM,5.0,1,,,18.1,31.4,False,True,
BEL23,2023,Belgian Grand Prix,Spa-Francorchamps,RUS,Mercedes,6,9,116.057,MEDIUM,6.0,1,,,18.1,31.5,False,True,
BEL23,2023,Belgian Grand Prix,Spa-Francorchamps,RUS,Mercedes,7,8,113.791,MEDIUM,7.0,1,,,18.1,30.6,False,True,
BEL23,2023,Belgian Grand Prix,Spa-Francorchamps,RUS,Mercedes,8,8,113.789,MEDIUM,8.0,1,,,18.1,30.1,False,True,
BEL23,2023,Belgian Grand Prix,Spa-Francorchamps,RUS,Mercedes,9,8,113.972,MEDIUM,9.0,1,,,18.2,29.6,False,True,
BEL23,2023,Belgian Grand Prix,Spa-Francorchamps,RUS,Mercedes,10,7,114.1,MEDIUM,10.0,1,,,18.3,29.9,False,True,
BEL23,2023,Belgian Grand Prix,Spa-Francorchamps,RUS,Mercedes,11,6,114.008,MEDIUM,11.0,1,,,18.1,29.5,False,True,
BEL23,2023,Belgian Grand Prix,Spa-Francorchamps,RUS,Mercedes,12,6,113.983,MEDIUM,12.0,1,,,18.0,29.1,False,True,
BEL23,2023,Belgian Grand Prix,Spa-Francorchamps,RUS,Mercedes,13,6,114.611,MEDIUM,13.0,1,,,18.0,28.4,False,True,
BEL23,2023,Belgian Grand Prix,Spa-Francorchamps,RUS,Mercedes,14,6,114.012,MEDIUM,14.0,1,,,18.0,28.3,False,True,
BEL23,2023,Belgian Grand Prix,Spa-Francorchamps,RUS,Mercedes,15,7,115.729,MEDIUM,15.0,1,,,18.2,28.3,False,True,
BEL23,2023,Belgian Grand Prix,Spa-Francorchamps,RUS,Mercedes,16,7,114.828,MEDIUM,16.0,1,,,18.2,28.8,False,True,
BEL23,2023,Belgian Grand Prix,Spa-Francorchamps,RUS,Mercedes,17,6,113.66,MEDIUM,17.0,1,,,18.2,28.3,False,True,
BEL23,2023,Belgian Grand Prix,Spa-Francorchamps,RUS,Mercedes,18,6,114.223,MEDIUM,18.0,1,,,18.0,27.9,False,True,
BEL23,2023,Belgian Grand Prix,Spa-Francorchamps,RUS,Mercedes,19,6,114.726,MEDIUM,19.0,1,,,17.9,27.5,True,True,
BEL23,2023,Belgian Grand Prix,Spa-Francorchamps,RUS,Mercedes,20,6,116.771,MEDIUM,20.0,1,,,17.7,27.2,True,True,
BEL23,2023,Belgian Grand Prix,Spa-Francorchamps,RUS,Mercedes,21,6,117.525,MEDIUM,21.0,1,,,17.5,26.0,True,True,
BEL23,2023,Belgian Grand Prix,Spa-Francorchamps,RUS,Mercedes,22,8,122.178,MEDIUM,22.0,1,,,17.3,25.3,True,True,
BEL23,2023,Belgian Grand Prix,Spa-Francorchamps,RUS,Mercedes,23,15,128.989,SOFT,1.0,2,,,17.1,25.0,True,True,
BEL23,2023,Belgian Grand Prix,Spa-Francorchamps,RUS,Mercedes,24,10,110.843,SOFT,2.0,2,,,17.0,25.0,False,True,
BEL23,2023,Belgian Grand Prix,Spa-Francorchamps,RUS,Mercedes,25,7,110.603,SOFT,3.0,2,,,16.8,25.6,False,True,
BEL23,2023,Belgian Grand Prix,Spa-Francorchamps,RUS,Mercedes,26,6,111.424,SOFT,4.0,2,,,16.9,25.9,False,True,
BEL23,2023,Belgian Grand Prix,Spa-Francorchamps,RUS,Mercedes,27,6,111.588,SOFT,5.0,2,,,17.0,26.9,False,True,
BEL23,2023,Belgian Grand Prix,Spa-Francorchamps,RUS,Mercedes,28,6,111.742,SOFT,6.0,2,,,17.3,27.9,False,True,
BEL23,2023,Belgian Grand Prix,Spa-Francorchamps,RUS,Mercedes,29,6,111.813,SOFT,7.0,2,,,17.6,29.5,False,True,
BEL23,2023,Belgian Grand Prix,Spa-Francorchamps,RUS,Mercedes,30,6,112.221,SOFT,8.0,2,,,17.7,30.6,False,True,
BEL23,2023,Belgian Grand Prix,Spa-Francorchamps,RUS,Mercedes,31,6,111.805,SOFT,9.0,2,,,18.1,31.0,False,True,
BEL23,2023,Belgian Grand Prix,Spa-Francorchamps,RUS,Mercedes,32,6,111.273,SOFT,10.0,2,,,18.4,31.0,False,True,
BEL23,2023,Belgian Grand Prix,Spa-Francorchamps,RUS,Mercedes,33,6,111.524,SOFT,11.0,2,,,18.5,30.0,False,True,
BEL23,2023,Belgian Grand Prix,Spa-Francorchamps,RUS,Mercedes,34,6,111.75,SOFT,12.0,2,,,18.4,29.3,False,True,
BEL23,2023,Belgian Grand Prix,Spa-Francorchamps,RUS,Mercedes,35,6,111.796,SOFT,13.0,2,,,18.5,30.1,False,True,
BEL23,2023,Belgian Grand Prix,Spa-Francorchamps,RUS,Mercedes,36,6,111.842,SOFT,14.0,2,,,18.8,30.7,False,True,
BEL23,2023,Belgian Grand Prix,Spa-Francorchamps,RUS,Mercedes,37,6,111.89,SOFT,15.0,2,,,18.8,29.1,False,True,
BEL23,2023,Belgian Grand Prix,Spa-Francorchamps,RUS,Mercedes,38,6,111.828,SOFT,16.0,2,,,18.7,28.8,False,True,
BEL23,2023,Belgian Grand Prix,Spa-Francorchamps,RUS,Mercedes,39,6,111.966,SOFT,17.0,2,,,18.8,28.8,False,True,
BEL23,2023,Belgian Grand Prix,Spa-Francorchamps,RUS,Mercedes,40,6,111.757,SOFT,18.0,2,,,18.9,29.0,False,True,
BEL23,2023,Belgian Grand Prix,Spa-Francorchamps,RUS,Mercedes,41,6,111.982,SOFT,19.0,2,,,19.0,30.0,False,True,
BEL23,2023,Belgian Grand Prix,Spa-Francorchamps,RUS,Mercedes,42,6,112.009,SOFT,20.0,2,,,19.2,29.3,False,True,
BEL23,2023,Belgian Grand Prix,Spa-Francorchamps,RUS,Mercedes,43,6,112.072,SOFT,21.0,2,,,18.8,28.4,False,True,
BEL23,2023,Belgian Grand Prix,Spa-Francorchamps,RUS,Mercedes,44,6,112.012,SOFT,22.0,2,,,18.7,28.3,False,True,
BEL23,2023,Belgian Grand Prix,Spa-Francorchamps,SAI,Ferrari,1,5,117.901,SOFT,1.0,1,,,18.0,28.6,False,True,
BEL23,2023,Belgian Grand Prix,Spa-Francorchamps,SAI,Ferrari,2,5,114.247,SOFT,2.0,1,,,18.0,29.0,False,True,
BEL23,2023,Belgian Grand Prix,Spa-Francorchamps,SAI,Ferrari,3,5,114.718,SOFT,3.0,1,,,18.1,30.1,False,True,
BEL23,2023,Belgian Grand Prix,Spa-Francorchamps,SAI,Ferrari,4,6,116.245,SOFT,4.0,1,,,18.1,30.4,False,True,
BEL23,2023,Belgian Grand Prix,Spa-Francorchamps,SAI,Ferrari,5,8,116.974,SOFT,5.0,1,,,18.1,31.4,False,True,
BEL23,2023,Belgian Grand Prix,Spa-Francorchamps,SAI,Ferrari,6,10,117.26,SOFT,6.0,1,,,18.1,31.5,False,True,
BEL23,2023,Belgian Grand Prix,Spa-Francorchamps,SAI,Ferrari,7,13,121.147,SOFT,7.0,1,,,18.1,30.6,False,True,
BEL23,2023,Belgian Grand Prix,Spa-Francorchamps,SAI,Ferrari,8,18,126.929,MEDIUM,1.0,2,,,18.1,30.1,False,True,
BEL23,2023,Belgian Grand Prix,Spa-Francorchamps,SAI,Ferrari,9,17,113.138,MEDIUM,2.0,2,,,18.2,29.6,False,True,
BEL23,2023,Belgian Grand Prix,Spa-Francorchamps,SAI,Ferrari,10,17,113.893,MEDIUM,3.0,2,,,18.3,29.9,False,True,
BEL23,2023,Belgian Grand Prix,Spa-Francorchamps,SAI,Ferrari,11,18,115.201,MEDIUM,4.0,2,,,18.2,29.2,False,True,
BEL23,2023,Belgian Grand Prix,Spa-Francorchamps,SAI,Ferrari,12,18,115.119,MEDIUM,5.0,2,,,18.1,28.8,False,True,
BEL23,2023,Belgian Grand Prix,Spa-Francorchamps,SAI,Ferrari,13,17,114.907,MEDIUM,6.0,2,,,17.9,28.4,False,True,
BEL23,2023,Belgian Grand Prix,Spa-Francorchamps,SAI,Ferrari,14,17,115.076,MEDIUM,7.0,2,,,18.0,28.3,False,True,
BEL23,2023,Belgian Grand Prix,Spa-Francorchamps,SAI,Ferrari,15,17,115.834,MEDIUM,8.0,2,,,18.2,28.3,False,True,
BEL23,2023,Belgian Grand Prix,Spa-Francorchamps,SAI,Ferrari,16,19,117.532,MEDIUM,9.0,2,,,18.2,28.8,False,True,
BEL23,2023,Belgian Grand Prix,Spa-Francorchamps,SAI,Ferrari,17,19,116.062,MEDIUM,10.0,2,,,18.2,28.3,False,True,
BEL23,2023,Belgian Grand Prix,Spa-Francorchamps,SAI,Ferrari,18,18,116.221,MEDIUM,11.0,2,,,18.0,27.9,False,True,
BEL23,2023,Belgian Grand Prix,Spa-Francorchamps,SAI,Ferrari,19,19,117.541,MEDIUM,12.0,2,,,17.9,27.5,True,True,
BEL23,2023,Belgian Grand Prix,Spa-Francorchamps,SAI,Ferrari,20,19,116.426,MEDIUM,13.0,2,,,17.7,27.2,True,True,
BEL23,2023,Belgian Grand Prix,Spa-Francorchamps,SAI,Ferrari,21,19,120.162,MEDIUM,14.0,2,,,17.5,26.0,True,True,
BEL23,2023,Belgian Grand Prix,Spa-Francorchamps,SAI,Ferrari,22,19,117.949,MEDIUM,15.0,2,,,17.3,25.3,True,True,
BEL23,2023,Belgian Grand Prix,Spa-Francorchamps,SAI,Ferrari,23,19,123.363,MEDIUM,16.0,2,,,17.1,25.0,True,True,
BEL23,2023,Belgian Grand Prix,Spa-Francorchamps,SAR,Williams,1,15,122.372,SOFT,1.0,1,,,18.0,28.6,False,True,
BEL23,2023,Belgian Grand Prix,Spa-Francorchamps,SAR,Williams,2,15,115.985,SOFT,2.0,1,,,18.0,29.0,False,True,
BEL23,2023,Belgian Grand Prix,Spa-Francorchamps,SAR,Williams,3,14,114.142,SOFT,3.0,1,,,18.1,30.1,False,True,
BEL23,2023,Belgian Grand Prix,Spa-Francorchamps,SAR,Williams,4,13,114.152,SOFT,4.0,1,,,18.1,30.4,False,True,
BEL23,2023,Belgian Grand Prix,Spa-Francorchamps,SAR,Williams,5,12,115.729,SOFT,5.0,1,,,18.1,31.4,False,True,
BEL23,2023,Belgian Grand Prix,Spa-Francorchamps,SAR,Williams,6,11,115.947,SOFT,6.0,1,,,18.1,31.5,False,True,
BEL23,2023,Belgian Grand Prix,Spa-Francorchamps,SAR,Williams,7,10,115.4,SOFT,7.0,1,,,18.1,30.6,False,True,
BEL23,2023,Belgian Grand Prix,Spa-Francorchamps,SAR,Williams,8,11,118.908,SOFT,8.0,1,,,18.1,30.1,False,True,
BEL23,2023,Belgian Grand Prix,Spa-Francorchamps,SAR,Williams,9,19,127.068,MEDIUM,1.0,2,,,18.2,29.6,False,True,
BEL23,2023,Belgian Grand Prix,Spa-Francorchamps,SAR,Williams,10,19,113.736,MEDIUM,2.0,2,,,18.3,29.9,False,True,
BEL23,2023,Belgian Grand Prix,Spa-Francorchamps,SAR,Williams,11,19,114.844,MEDIUM,3.0,2,,,18.2,29.2,False,True,
BEL23,2023,Belgian Grand Prix,Spa-Francorchamps,SAR,Williams,12,19,115.497,MEDIUM,4.0,2,,,18.1,28.8,False,True,
BEL23,2023,Belgian Grand Prix,Spa-Francorchamps,SAR,Williams,13,18,114.596,MEDIUM,5.0,2,,,17.9,28.4,False,True,
BEL23,2023,Belgian Grand Prix,Spa-Francorchamps,SAR,Williams,14,18,114.962,MEDIUM,6.0,2,,,18.0,28.3,False,True,
BEL23,2023,Belgian Grand Prix,Spa-Francorchamps,SAR,Williams,15,18,115.749,MEDIUM,7.0,2,,,18.3,28.8,False,True,
BEL23,2023,Belgian Grand Prix,Spa-Francorchamps,SAR,Williams,16,17,113.822,MEDIUM,8.0,2,,,18.2,28.8,False,True,
BEL23,2023,Belgian Grand Prix,Spa-Francorchamps,SAR,Williams,17,17,114.913,MEDIUM,9.0,2,,,18.2,28.3,False,True,
BEL23,2023,Belgian Grand Prix,Spa-Francorchamps,SAR,Williams,18,17,115.069,MEDIUM,10.0,2,,,18.0,27.9,False,True,
BEL23,2023,Belgian Grand Prix,Spa-Francorchamps,SAR,Williams,19,17,114.603,MEDIUM,11.0,2,,,17.9,27.5,True,True,
BEL23,2023,Belgian Grand Prix,Spa-Francorchamps,SAR,Williams,20,17,115.579,MEDIUM,12.0,2,,,17.7,27.2,True,True,
BEL23,2023,Belgian Grand Prix,Spa-Francorchamps,SAR,Williams,21,16,115.771,MEDIUM,13.0,2,,,17.5,26.0,True,True,
BEL23,2023,Belgian Grand Prix,Spa-Francorchamps,SAR,Williams,22,16,115.602,MEDIUM,14.0,2,,,17.3,25.3,True,True,
BEL23,2023,Belgian Grand Prix,Spa-Francorchamps,SAR,Williams,23,16,114.853,MEDIUM,15.0,2,,,17.1,25.0,True,True,
BEL23,2023,Belgian Grand Prix,Spa-Francorchamps,SAR,Williams,24,16,118.451,MEDIUM,16.0,2,,,17.0,25.0,False,True,
BEL23,2023,Belgian Grand Prix,Spa-Francorchamps,SAR,Williams,25,18,125.126,MEDIUM,1.0,3,,,16.8,25.6,False,True,
BEL23,2023,Belgian Grand Prix,Spa-Francorchamps,SAR,Williams,26,17,110.667,MEDIUM,2.0,3,,,16.9,26.1,False,True,
BEL23,2023,Belgian Grand Prix,Spa-Francorchamps,SAR,Williams,27,17,111.329,MEDIUM,3.0,3,,,17.1,27.9,False,True,
BEL23,2023,Belgian Grand Prix,Spa-Francorchamps,SAR,Williams,28,17,111.821,MEDIUM,4.0,3,,,17.3,27.9,False,True,
BEL23,2023,Belgian Grand Prix,Spa-Francorchamps,SAR,Williams,29,17,112.192,MEDIUM,5.0,3,,,17.6,29.5,False,True,
BEL23,2023,Belgian Grand Prix,Spa-Francorchamps,SAR,Williams,30,17,112.727,MEDIUM,6.0,3,,,17.7,30.6,False,True,
BEL23,2023,Belgian Grand Prix,Spa-Francorchamps,SAR,Williams,31,17,112.285,MEDIUM,7.0,3,,,18.1,31.0,False,True,
BEL23,2023,Belgian Grand Prix,Spa-Francorchamps,SAR,Williams,32,17,112.6,MEDIUM,8.0,3,,,18.4,31.0,False,True,
BEL23,2023,Belgian Grand Prix,Spa-Francorchamps,SAR,Williams,33,18,113.556,MEDIUM,9.0,3,,,18.5,29.7,False,True,
BEL23,2023,Belgian Grand Prix,Spa-Francorchamps,SAR,Williams,34,17,117.484,MEDIUM,10.0,3,,,18.4,29.3,False,True,
BEL23,2023,Belgian Grand Prix,Spa-Francorchamps,SAR,Williams,35,18,124.478,SOFT,1.0,4,,,18.8,30.7,False,True,
BEL23,2023,Belgian Grand Prix,Spa-Francorchamps,SAR,Williams,36,18,110.236,SOFT,2.0,4,,,18.9,30.0,False,True,
BEL23,2023,Belgian Grand Prix,Spa-Francorchamps,SAR,Williams,37,18,110.486,SOFT,3.0,4,,,18.8,29.1,False,True,
BEL23,2023,Belgian Grand Prix,Spa-Francorchamps,SAR,Williams,38,18,110.818,SOFT,4.0,4,,,18.7,28.8,False,True,
BEL23,2023,Belgian Grand Prix,Spa-Francorchamps,SAR,Williams,39,18,111.513,SOFT,5.0,4,,,18.8,28.8,False,True,
BEL23,2023,Belgian Grand Prix,Spa-Francorchamps,SAR,Williams,40,18,112.082,SOFT,6.0,4,,,19.0,29.9,False,True,
BEL23,2023,Belgian Grand Prix,Spa-Francorchamps,SAR,Williams,41,18,111.581,SOFT,7.0,4,,,19.1,29.7,False,True,
BEL23,2023,Belgian Grand Prix,Spa-Francorchamps,SAR,Williams,42,18,112.364,SOFT,8.0,4,,,19.1,28.9,False,True,
BEL23,2023,Belgian Grand Prix,Spa-Francorchamps,SAR,Williams,43,17,111.241,SOFT,9.0,4,,,18.9,28.4,False,True,
BEL23,2023,Belgian Grand Prix,Spa-Francorchamps,SAR,Williams,44,17,112.59,SOFT,10.0,4,,,18.7,28.0,False,True,
BEL23,2023,Belgian Grand Prix,Spa-Francorchamps,STR,Aston Martin,1,9,120.096,MEDIUM,1.0,1,,,18.0,28.6,False,True,
BEL23,2023,Belgian Grand Prix,Spa-Francorchamps,STR,Aston Martin,2,10,115.619,MEDIUM,2.0,1,,,18.0,29.0,False,True,
BEL23,2023,Belgian Grand Prix,Spa-Francorchamps,STR,Aston Martin,3,10,113.977,MEDIUM,3.0,1,,,18.1,30.1,False,True,
BEL23,2023,Belgian Grand Prix,Spa-Francorchamps,STR,Aston Martin,4,9,115.058,MEDIUM,4.0,1,,,18.1,30.4,False,True,
BEL23,2023,Belgian Grand Prix,Spa-Francorchamps,STR,Aston Martin,5,9,115.795,MEDIUM,5.0,1,,,18.1,31.4,False,True,
BEL23,2023,Belgian Grand Prix,Spa-Francorchamps,STR,Aston Martin,6,8,115.063,MEDIUM,6.0,1,,,18.1,31.5,False,True,
BEL23,2023,Belgian Grand Prix,Spa-Francorchamps,STR,Aston Martin,7,7,114.307,MEDIUM,7.0,1,,,18.1,30.6,False,True,
BEL23,2023,Belgian Grand Prix,Spa-Francorchamps,STR,Aston Martin,8,7,113.908,MEDIUM,8.0,1,,,18.1,30.1,False,True,
BEL23,2023,Belgian Grand Prix,Spa-Francorchamps,STR,Aston Martin,9,7,113.838,MEDIUM,9.0,1,,,18.2,29.6,False,True,
BEL23,2023,Belgian Grand Prix,Spa-Francorchamps,STR,Aston Martin,10,6,113.889,MEDIUM,10.0,1,,,18.3,29.9,False,True,
BEL23,2023,Belgian Grand Prix,Spa-Francorchamps,STR,Aston Martin,11,5,113.869,MEDIUM,11.0,1,,,18.1,29.5,False,True,
BEL23,2023,Belgian Grand Prix,Spa-Francorchamps,STR,Aston Martin,12,5,114.079,MEDIUM,12.0,1,,,18.0,29.1,False,True,
BEL23,2023,Belgian Grand Prix,Spa-Francorchamps,STR,Aston Martin,13,5,114.812,MEDIUM,13.0,1,,,18.0,28.4,False,True,
BEL23,2023,Belgian Grand Prix,Spa-Francorchamps,STR,Aston Martin,14,5,114.264,MEDIUM,14.0,1,,,18.0,28.3,False,True,
BEL23,2023,Belgian Grand Prix,Spa-Francorchamps,STR,Aston Martin,15,5,114.934,MEDIUM,15.0,1,,,18.2,28.3,False,True,
BEL23,2023,Belgian Grand Prix,Spa-Francorchamps,STR,Aston Martin,16,6,115.68,MEDIUM,16.0,1,,,18.2,28.8,False,True,
BEL23,2023,Belgian Grand Prix,Spa-Francorchamps,STR,Aston Martin,17,7,115.513,MEDIUM,17.0,1,,,18.2,28.3,False,True,
BEL23,2023,Belgian Grand Prix,Spa-Francorchamps,STR,Aston Martin,18,7,115.474,MEDIUM,18.0,1,,,18.0,27.9,False,True,
BEL23,2023,Belgian Grand Prix,Spa-Francorchamps,STR,Aston Martin,19,8,116.9,MEDIUM,19.0,1,,,17.9,27.5,True,True,
BEL23,2023,Belgian Grand Prix,Spa-Francorchamps,STR,Aston Martin,20,11,123.672,MEDIUM,20.0,1,,,17.7,27.2,True,True,
BEL23,2023,Belgian Grand Prix,Spa-Francorchamps,STR,Aston Martin,21,18,133.65,SOFT,1.0,2,,,17.5,26.0,True,True,
BEL23,2023,Belgian Grand Prix,Spa-Francorchamps,STR,Aston Martin,22,18,116.412,SOFT,2.0,2,,,17.3,25.3,True,True,
BEL23,2023,Belgian Grand Prix,Spa-Francorchamps,STR,Aston Martin,23,17,111.394,SOFT,3.0,2,,,17.1,25.0,True,True,
BEL23,2023,Belgian Grand Prix,Spa-Francorchamps,STR,Aston Martin,24,14,111.446,SOFT,4.0,2,,,17.0,25.0,False,True,
BEL23,2023,Belgian Grand Prix,Spa-Francorchamps,STR,Aston Martin,25,10,111.741,SOFT,5.0,2,,,16.8,25.6,False,True,
BEL23,2023,Belgian Grand Prix,Spa-Francorchamps,STR,Aston Martin,26,8,111.297,SOFT,6.0,2,,,16.9,25.9,False,True,
BEL23,2023,Belgian Grand Prix,Spa-Francorchamps,STR,Aston Martin,27,8,111.707,SOFT,7.0,2,,,17.0,26.9,False,True,
BEL23,2023,Belgian Grand Prix,Spa-Francorchamps,STR,Aston Martin,28,8,111.705,SOFT,8.0,2,,,17.3,27.9,False,True,
BEL23,2023,Belgian Grand Prix,Spa-Francorchamps,STR,Aston Martin,29,8,111.919,SOFT,9.0,2,,,17.6,29.5,False,True,
BEL23,2023,Belgian Grand Prix,Spa-Francorchamps,STR,Aston Martin,30,8,112.035,SOFT,10.0,2,,,17.7,30.6,False,True,
BEL23,2023,Belgian Grand Prix,Spa-Francorchamps,STR,Aston Martin,31,8,112.203,SOFT,11.0,2,,,18.1,31.0,False,True,
BEL23,2023,Belgian Grand Prix,Spa-Francorchamps,STR,Aston Martin,32,8,112.218,SOFT,12.0,2,,,18.4,31.0,False,True,
BEL23,2023,Belgian Grand Prix,Spa-Francorchamps,STR,Aston Martin,33,8,112.139,SOFT,13.0,2,,,18.5,29.7,False,True,
BEL23,2023,Belgian Grand Prix,Spa-Francorchamps,STR,Aston Martin,34,8,112.367,SOFT,14.0,2,,,18.4,29.3,False,True,
BEL23,2023,Belgian Grand Prix,Spa-Francorchamps,STR,Aston Martin,35,8,112.258,SOFT,15.0,2,,,18.5,30.1,False,True,
BEL23,2023,Belgian Grand Prix,Spa-Francorchamps,STR,Aston Martin,36,8,112.884,SOFT,16.0,2,,,18.8,30.7,False,True,
BEL23,2023,Belgian Grand Prix,Spa-Francorchamps,STR,Aston Martin,37,8,112.569,SOFT,17.0,2,,,18.8,29.1,False,True,
BEL23,2023,Belgian Grand Prix,Spa-Francorchamps,STR,Aston Martin,38,8,112.315,SOFT,18.0,2,,,18.7,28.8,False,True,
BEL23,2023,Belgian Grand Prix,Spa-Francorchamps,STR,Aston Martin,39,8,112.605,SOFT,19.0,2,,,18.8,28.8,False,True,
BEL23,2023,Belgian Grand Prix,Spa-Francorchamps,STR,Aston Martin,40,8,112.617,SOFT,20.0,2,,,19.0,29.9,False,True,
BEL23,2023,Belgian Grand Prix,Spa-Francorchamps,STR,Aston Martin,41,9,113.416,SOFT,21.0,2,,,19.1,29.7,False,True,
BEL23,2023,Belgian Grand Prix,Spa-Francorchamps,STR,Aston Martin,42,9,112.736,SOFT,22.0,2,,,19.2,29.3,False,True,
BEL23,2023,Belgian Grand Prix,Spa-Francorchamps,STR,Aston Martin,43,9,112.632,SOFT,23.0,2,,,18.8,28.4,False,True,
BEL23,2023,Belgian Grand Prix,Spa-Francorchamps,STR,Aston Martin,44,9,112.778,SOFT,24.0,2,,,18.7,28.3,False,True,
BEL23,2023,Belgian Grand Prix,Spa-Francorchamps,TSU,AlphaTauri,1,8,119.555,MEDIUM,1.0,1,,,18.0,28.6,False,True,
BEL23,2023,Belgian Grand Prix,Spa-Francorchamps,TSU,AlphaTauri,2,8,114.71,MEDIUM,2.0,1,,,18.0,29.0,False,True,
BEL23,2023,Belgian Grand Prix,Spa-Francorchamps,TSU,AlphaTauri,3,7,113.774,MEDIUM,3.0,1,,,18.1,30.1,False,True,
BEL23,2023,Belgian Grand Prix,Spa-Francorchamps,TSU,AlphaTauri,4,7,115.437,MEDIUM,4.0,1,,,18.1,30.4,False,True,
BEL23,2023,Belgian Grand Prix,Spa-Francorchamps,TSU,AlphaTauri,5,6,113.829,MEDIUM,5.0,1,,,18.1,31.4,False,True,
BEL23,2023,Belgian Grand Prix,Spa-Francorchamps,TSU,AlphaTauri,6,6,114.027,MEDIUM,6.0,1,,,18.1,31.5,False,True,
BEL23,2023,Belgian Grand Prix,Spa-Francorchamps,TSU,AlphaTauri,7,6,113.679,MEDIUM,7.0,1,,,18.1,30.6,False,True,
BEL23,2023,Belgian Grand Prix,Spa-Francorchamps,TSU,AlphaTauri,8,6,113.81,MEDIUM,8.0,1,,,18.1,30.1,False,True,
BEL23,2023,Belgian Grand Prix,Spa-Francorchamps,TSU,AlphaTauri,9,6,118.292,MEDIUM,9.0,1,,,18.2,29.6,False,True,
BEL23,2023,Belgian Grand Prix,Spa-Francorchamps,TSU,AlphaTauri,10,11,126.819,MEDIUM,1.0,2,,,18.3,29.9,False,True,
BEL23,2023,Belgian Grand Prix,Spa-Francorchamps,TSU,AlphaTauri,11,10,112.246,MEDIUM,2.0,2,,,18.2,29.2,False,True,
BEL23,2023,Belgian Grand Prix,Spa-Francorchamps,TSU,AlphaTauri,12,9,114.228,MEDIUM,3.0,2,,,18.1,28.8,False,True,
BEL23,2023,Belgian Grand Prix,Spa-Francorchamps,TSU,AlphaTauri,13,9,112.504,MEDIUM,4.0,2,,,18.0,28.4,False,True,
BEL23,2023,Belgian Grand Prix,Spa-Francorchamps,TSU,AlphaTauri,14,9,112.963,MEDIUM,5.0,2,,,18.0,28.3,False,True,
BEL23,2023,Belgian Grand Prix,Spa-Francorchamps,TSU,AlphaTauri,15,9,113.326,MEDIUM,6.0,2,,,18.2,28.3,False,True,
BEL23,2023,Belgian Grand Prix,Spa-Francorchamps,TSU,AlphaTauri,16,9,113.657,MEDIUM,7.0,2,,,18.2,28.8,False,True,
BEL23,2023,Belgian Grand Prix,Spa-Francorchamps,TSU,AlphaTauri,17,9,114.123,MEDIUM,8.0,2,,,18.2,28.3,False,True,
BEL23,2023,Belgian Grand Prix,Spa-Francorchamps,TSU,AlphaTauri,18,9,114.752,MEDIUM,9.0,2,,,18.0,27.9,False,True,
BEL23,2023,Belgian Grand Prix,Spa-Francorchamps,TSU,AlphaTauri,19,9,115.757,MEDIUM,10.0,2,,,17.9,27.5,True,True,
BEL23,2023,Belgian Grand Prix,Spa-Francorchamps,TSU,AlphaTauri,20,8,116.587,MEDIUM,11.0,2,,,17.7,27.2,True,True,
BEL23,2023,Belgian Grand Prix,Spa-Francorchamps,TSU,AlphaTauri,21,8,116.674,MEDIUM,12.0,2,,,17.5,26.0,True,True,
BEL23,2023,Belgian Grand Prix,Spa-Francorchamps,TSU,AlphaTauri,22,7,117.058,MEDIUM,13.0,2,,,17.3,25.3,True,True,
BEL23,2023,Belgian Grand Prix,Spa-Francorchamps,TSU,AlphaTauri,23,6,114.848,MEDIUM,14.0,2,,,17.1,25.0,True,True,
BEL23,2023,Belgian Grand Prix,Spa-Francorchamps,TSU,AlphaTauri,24,6,117.947,MEDIUM,15.0,2,,,17.0,25.0,False,True,
BEL23,2023,Belgian Grand Prix,Spa-Francorchamps,TSU,AlphaTauri,25,11,126.716,SOFT,1.0,3,,,16.8,25.6,False,True,
BEL23,2023,Belgian Grand Prix,Spa-Francorchamps,TSU,AlphaTauri,26,9,111.394,SOFT,2.0,3,,,16.9,25.9,False,True,
BEL23,2023,Belgian Grand Prix,Spa-Francorchamps,TSU,AlphaTauri,27,9,111.76,SOFT,3.0,3,,,17.0,26.9,False,True,
BEL23,2023,Belgian Grand Prix,Spa-Francorchamps,TSU,AlphaTauri,28,9,111.945,SOFT,4.0,3,,,17.3,27.9,False,True,
BEL23,2023,Belgian Grand Prix,Spa-Francorchamps,TSU,AlphaTauri,29,9,112.147,SOFT,5.0,3,,,17.6,29.5,False,True,
BEL23,2023,Belgian Grand Prix,Spa-Francorchamps,TSU,AlphaTauri,30,9,112.482,SOFT,6.0,3,,,17.7,30.6,False,True,
BEL23,2023,Belgian Grand Prix,Spa-Francorchamps,TSU,AlphaTauri,31,9,112.222,SOFT,7.0,3,,,18.1,31.0,False,True,
BEL23,2023,Belgian Grand Prix,Spa-Francorchamps,TSU,AlphaTauri,32,9,111.997,SOFT,8.0,3,,,18.4,31.0,False,True,
BEL23,2023,Belgian Grand Prix,Spa-Francorchamps,TSU,AlphaTauri,33,9,112.133,SOFT,9.0,3,,,18.5,29.7,False,True,
BEL23,2023,Belgian Grand Prix,Spa-Francorchamps,TSU,AlphaTauri,34,9,112.411,SOFT,10.0,3,,,18.4,29.3,False,True,
BEL23,2023,Belgian Grand Prix,Spa-Francorchamps,TSU,AlphaTauri,35,9,112.48,SOFT,11.0,3,,,18.5,30.1,False,True,
BEL23,2023,Belgian Grand Prix,Spa-Francorchamps,TSU,AlphaTauri,36,9,112.317,SOFT,12.0,3,,,18.8,30.7,False,True,
BEL23,2023,Belgian Grand Prix,Spa-Francorchamps,TSU,AlphaTauri,37,9,112.21,SOFT,13.0,3,,,18.8,29.1,False,True,
BEL23,2023,Belgian Grand Prix,Spa-Francorchamps,TSU,AlphaTauri,38,10,113.457,SOFT,14.0,3,,,18.7,28.8,False,True,
BEL23,2023,Belgian Grand Prix,Spa-Francorchamps,TSU,AlphaTauri,39,10,112.467,SOFT,15.0,3,,,18.8,28.8,False,True,
BEL23,2023,Belgian Grand Prix,Spa-Francorchamps,TSU,AlphaTauri,40,10,112.298,SOFT,16.0,3,,,19.0,29.9,False,True,
BEL23,2023,Belgian Grand Prix,Spa-Francorchamps,TSU,AlphaTauri,41,10,112.243,SOFT,17.0,3,,,19.1,29.7,False,True,
BEL23,2023,Belgian Grand Prix,Spa-Francorchamps,TSU,AlphaTauri,42,10,112.367,SOFT,18.0,3,,,19.2,29.3,False,True,
BEL23,2023,Belgian Grand Prix,Spa-Francorchamps,TSU,AlphaTauri,43,10,112.554,SOFT,19.0,3,,,18.8,28.4,False,True,
BEL23,2023,Belgian Grand Prix,Spa-Francorchamps,TSU,AlphaTauri,44,10,112.469,SOFT,20.0,3,,,18.7,28.3,False,True,
BEL23,2023,Belgian Grand Prix,Spa-Francorchamps,VER,Red Bull Racing,1,4,115.659,SOFT,1.0,1,,,18.0,28.6,False,True,
BEL23,2023,Belgian Grand Prix,Spa-Francorchamps,VER,Red Bull Racing,2,4,113.103,SOFT,2.0,1,,,18.0,29.0,False,True,
BEL23,2023,Belgian Grand Prix,Spa-Francorchamps,VER,Red Bull Racing,3,4,112.277,SOFT,3.0,1,,,18.1,30.1,False,True,
BEL23,2023,Belgian Grand Prix,Spa-Francorchamps,VER,Red Bull Racing,4,4,112.789,SOFT,4.0,1,,,18.1,30.4,False,True,
BEL23,2023,Belgian Grand Prix,Spa-Francorchamps,VER,Red Bull Racing,5,4,112.602,SOFT,5.0,1,,,18.1,31.4,False,True,
BEL23,2023,Belgian Grand Prix,Spa-Francorchamps,VER,Red Bull Racing,6,3,112.13,SOFT,6.0,1,,,18.1,31.5,False,True,
BEL23,2023,Belgian Grand Prix,Spa-Francorchamps,VER,Red Bull Racing,7,3,112.415,SOFT,7.0,1,,,18.1,30.6,False,True,
BEL23,2023,Belgian Grand Prix,Spa-Francorchamps,VER,Red Bull Racing,8,3,112.472,SOFT,8.0,1,,,18.1,30.2,False,True,
BEL23,2023,Belgian Grand Prix,Spa-Francorchamps,VER,Red Bull Racing,9,2,111.88,SOFT,9.0,1,,,18.2,29.6,False,True,
BEL23,2023,Belgian Grand Prix,Spa-Francorchamps,VER,Red Bull Racing,10,2,112.455,SOFT,10.0,1,,,18.2,29.8,False,True,
BEL23,2023,Belgian Grand Prix,Spa-Francorchamps,VER,Red Bull Racing,11,2,112.613,SOFT,11.0,1,,,18.1,29.5,False,True,
BEL23,2023,Belgian Grand Prix,Spa-Francorchamps,VER,Red Bull Racing,12,2,112.714,SOFT,12.0,1,,,18.0,29.1,False,True,
BEL23,2023,Belgian Grand Prix,Spa-Francorchamps,VER,Red Bull Racing,13,1,112.962,SOFT,13.0,1,,,18.0,28.4,False,True,
BEL23,2023,Belgian Grand Prix,Spa-Francorchamps,VER,Red Bull Racing,14,1,117.166,SOFT,14.0,1,,,18.0,28.3,False,True,
BEL23,2023,Belgian Grand Prix,Spa-Francorchamps,VER,Red Bull Racing,15,2,123.986,MEDIUM,1.0,2,,,18.2,28.3,False,True,
BEL23,2023,Belgian Grand Prix,Spa-Francorchamps,VER,Red Bull Racing,16,2,110.696,MEDIUM,2.0,2,,,18.2,28.8,False,True,
BEL23,2023,Belgian Grand Prix,Spa-Francorchamps,VER,Red Bull Racing,17,1,110.108,MEDIUM,3.0,2,,,18.3,28.7,False,True,
BEL23,2023,Belgian Grand Prix,Spa-Francorchamps,VER,Red Bull Racing,18,1,111.637,MEDIUM,4.0,2,,,18.1,28.2,False,True,
BEL23,2023,Belgian Grand Prix,Spa-Francorchamps,VER,Red Bull Racing,19,1,111.956,MEDIUM,5.0,2,,,17.9,27.8,False,True,
BEL23,2023,Belgian Grand Prix,Spa-Francorchamps,VER,Red Bull Racing,20,1,115.733,MEDIUM,6.0,2,,,17.7,27.4,True,True,
BEL23,2023,Belgian Grand Prix,Spa-Francorchamps,VER,Red Bull Racing,21,1,114.915,MEDIUM,7.0,2,,,17.6,27.2,True,True,
BEL23,2023,Belgian Grand Prix,Spa-Francorchamps,VER,Red Bull Racing,22,1,115.325,MEDIUM,8.0,2,,,17.4,25.6,True,True,
BEL23,2023,Belgian Grand Prix,Spa-Francorchamps,VER,Red Bull Racing,23,1,112.905,MEDIUM,9.0,2,,,17.1,25.1,True,True,
BEL23,2023,Belgian Grand Prix,Spa-Francorchamps,VER,Red Bull Racing,24,1,110.996,MEDIUM,10.0,2,,,17.0,25.0,True,True,
BEL23,2023,Belgian Grand Prix,Spa-Francorchamps,VER,Red Bull Racing,25,1,111.106,MEDIUM,11.0,2,,,16.9,25.0,False,True,
BEL23,2023,Belgian Grand Prix,Spa-Francorchamps,VER,Red Bull Racing,26,1,111.377,MEDIUM,12.0,2,,,16.8,25.6,False,True,
BEL23,2023,Belgian Grand Prix,Spa-Francorchamps,VER,Red Bull Racing,27,1,111.472,MEDIUM,13.0,2,,,16.9,26.1,False,True,
BEL23,2023,Belgian Grand Prix,Spa-Francorchamps,VER,Red Bull Racing,28,1,111.41,MEDIUM,14.0,2,,,17.1,27.9,False,True,
BEL23,2023,Belgian Grand Prix,Spa-Francorchamps,VER,Red Bull Racing,29,1,111.595,MEDIUM,15.0,2,,,17.4,29.3,False,True,
BEL23,2023,Belgian Grand Prix,Spa-Francorchamps,VER,Red Bull Racing,30,1,115.882,MEDIUM,16.0,2,,,17.6,30.3,False,True,
BEL23,2023,Belgian Grand Prix,Spa-Francorchamps,VER,Red Bull Racing,31,1,123.585,SOFT,1.0,3,,,18.0,31.0,False,True,
BEL23,2023,Belgian Grand Prix,Spa-Francorchamps,VER,Red Bull Racing,32,1,108.922,SOFT,2.0,3,,,18.3,31.1,False,True,
BEL23,2023,Belgian Grand Prix,Spa-Francorchamps,VER,Red Bull Racing,33,1,110.586,SOFT,3.0,3,,,18.5,30.0,False,True,
BEL23,2023,Belgian Grand Prix,Spa-Francorchamps,VER,Red Bull Racing,34,1,110.792,SOFT,4.0,3,,,18.5,29.7,False,True,
BEL23,2023,Belgian Grand Prix,Spa-Francorchamps,VER,Red Bull Racing,35,1,110.408,SOFT,5.0,3,,,18.4,29.3,False,True,
BEL23,2023,Belgian Grand Prix,Spa-Francorchamps,VER,Red Bull Racing,36,1,110.362,SOFT,6.0,3,,,18.8,30.7,False,True,
BEL23,2023,Belgian Grand Prix,Spa-Francorchamps,VER,Red Bull Racing,37,1,110.317,SOFT,7.0,3,,,18.9,30.0,False,True,
BEL23,2023,Belgian Grand Prix,Spa-Francorchamps,VER,Red Bull Racing,38,1,110.147,SOFT,8.0,3,,,18.8,29.1,False,True,
BEL23,2023,Belgian Grand Prix,Spa-Francorchamps,VER,Red Bull Racing,39,1,110.113,SOFT,9.0,3,,,18.8,28.8,False,True,
BEL23,2023,Belgian Grand Prix,Spa-Francorchamps,VER,Red Bull Racing,40,1,110.067,SOFT,10.0,3,,,18.9,29.0,False,True,
BEL23,2023,Belgian Grand Prix,Spa-Francorchamps,VER,Red Bull Racing,41,1,109.954,SOFT,11.0,3,,,19.0,29.9,False,True,
BEL23,2023,Belgian Grand Prix,Spa-Francorchamps,VER,Red Bull Racing,42,1,110.187,SOFT,12.0,3,,,19.1,29.7,False,True,
BEL23,2023,Belgian Grand Prix,Spa-Francorchamps,VER,Red Bull Racing,43,1,110.095,SOFT,13.0,3,,,19.1,28.9,False,True,
BEL23,2023,Belgian Grand Prix,Spa-Francorchamps,VER,Red Bull Racing,44,1,110.579,SOFT,14.0,3,,,18.9,28.4,False,True,
BEL23,2023,Belgian Grand Prix,Spa-Francorchamps,ZHO,Alfa Romeo,1,14,121.921,SOFT,1.0,1,,,18.0,28.6,False,True,
BEL23,2023,Belgian Grand Prix,Spa-Francorchamps,ZHO,Alfa Romeo,2,14,115.929,SOFT,2.0,1,,,18.0,29.0,False,True,
BEL23,2023,Belgian Grand Prix,Spa-Francorchamps,ZHO,Alfa Romeo,3,15,115.198,SOFT,3.0,1,,,18.1,30.1,False,True,
BEL23,2023,Belgian Grand Prix,Spa-Francorchamps,ZHO,Alfa Romeo,4,15,114.639,SOFT,4.0,1,,,18.1,30.4,False,True,
BEL23,2023,Belgian Grand Prix,Spa-Francorchamps,ZHO,Alfa Romeo,5,15,116.11,SOFT,5.0,1,,,18.1,31.4,False,True,
BEL23,2023,Belgian Grand Prix,Spa-Francorchamps,ZHO,Alfa Romeo,6,13,115.867,SOFT,6.0,1,,,18.1,31.5,False,True,
BEL23,2023,Belgian Grand Prix,Spa-Francorchamps,ZHO,Alfa Romeo,7,14,119.727,SOFT,7.0,1,,,18.1,30.6,False,True,
BEL23,2023,Belgian Grand Prix,Spa-Francorchamps,ZHO,Alfa Romeo,8,19,127.212,MEDIUM,1.0,2,,,18.1,30.1,False,True,
BEL23,2023,Belgian Grand Prix,Spa-Francorchamps,ZHO,Alfa Romeo,9,18,112.422,MEDIUM,2.0,2,,,18.2,29.6,False,True,
BEL23,2023,Belgian Grand Prix,Spa-Francorchamps,ZHO,Alfa Romeo,10,18,113.904,MEDIUM,3.0,2,,,18.3,29.9,False,True,
BEL23,2023,Belgian Grand Prix,Spa-Francorchamps,ZHO,Alfa Romeo,11,17,112.645,MEDIUM,4.0,2,,,18.2,29.2,False,True,
BEL23,2023,Belgian Grand Prix,Spa-Francorchamps,ZHO,Alfa Romeo,12,17,113.303,MEDIUM,5.0,2,,,18.1,28.8,False,True,
BEL23,2023,Belgian Grand Prix,Spa-Francorchamps,ZHO,Alfa Romeo,13,16,113.733,MEDIUM,6.0,2,,,17.9,28.4,False,True,
BEL23,2023,Belgian Grand Prix,Spa-Francorchamps,ZHO,Alfa Romeo,14,16,113.927,MEDIUM,7.0,2,,,18.0,28.3,False,True,
BEL23,2023,Belgian Grand Prix,Spa-Francorchamps,ZHO,Alfa Romeo,15,16,114.979,MEDIUM,8.0,2,,,18.2,28.3,False,True,
BEL23,2023,Belgian Grand Prix,Spa-Francorchamps,ZHO,Alfa Romeo,16,15,114.295,MEDIUM,9.0,2,,,18.2,28.8,False,True,
BEL23,2023,Belgian Grand Prix,Spa-Francorchamps,ZHO,Alfa Romeo,17,15,114.886,MEDIUM,10.0,2,,,18.2,28.3,False,True,
BEL23,2023,Belgian Grand Prix,Spa-Francorchamps,ZHO,Alfa Romeo,18,15,115.003,MEDIUM,11.0,2,,,18.0,27.9,False,True,
BEL23,2023,Belgian Grand Prix,Spa-Francorchamps,ZHO,Alfa Romeo,19,15,115.516,MEDIUM,12.0,2,,,17.9,27.5,True,True,
BEL23,2023,Belgian Grand Prix,Spa-Francorchamps,ZHO,Alfa Romeo,20,15,115.451,MEDIUM,13.0,2,,,17.7,27.2,True,True,
BEL23,2023,Belgian Grand Prix,Spa-Francorchamps,ZHO,Alfa Romeo,21,14,115.811,MEDIUM,14.0,2,,,17.5,26.0,True,True,
BEL23,2023,Belgian Grand Prix,Spa-Francorchamps,ZHO,Alfa Romeo,22,13,118.747,MEDIUM,15.0,2,,,17.3,25.3,True,True,
BEL23,2023,Belgian Grand Prix,Spa-Francorchamps,ZHO,Alfa Romeo,23,14,115.68,MEDIUM,16.0,2,,,17.1,25.0,True,True,
BEL23,2023,Belgian Grand Prix,Spa-Francorchamps,ZHO,Alfa Romeo,24,12,114.616,MEDIUM,17.0,2,,,17.0,25.0,False,True,
BEL23,2023,Belgian Grand Prix,Spa-Francorchamps,ZHO,Alfa Romeo,25,14,117.989,MEDIUM,18.0,2,,,16.8,25.6,False,True,
BEL23,2023,Belgian Grand Prix,Spa-Francorchamps,ZHO,Alfa Romeo,26,18,126.229,SOFT,1.0,3,,,16.9,26.1,False,True,
BEL23,2023,Belgian Grand Prix,Spa-Francorchamps,ZHO,Alfa Romeo,27,18,110.188,SOFT,2.0,3,,,17.1,27.9,False,True,
BEL23,2023,Belgian Grand Prix,Spa-Francorchamps,ZHO,Alfa Romeo,28,18,111.466,SOFT,3.0,3,,,17.3,27.9,False,True,
BEL23,2023,Belgian Grand Prix,Spa-Francorchamps,ZHO,Alfa Romeo,29,18,112.052,SOFT,4.0,3,,,17.6,29.5,False,True,
BEL23,2023,Belgian Grand Prix,Spa-Francorchamps,ZHO,Alfa Romeo,30,18,112.82,SOFT,5.0,3,,,17.7,30.6,False,True,
BEL23,2023,Belgian Grand Prix,Spa-Francorchamps,ZHO,Alfa Romeo,31,18,112.35,SOFT,6.0,3,,,18.1,31.0,False,True,
BEL23,2023,Belgian Grand Prix,Spa-Francorchamps,ZHO,Alfa Romeo,32,18,112.247,SOFT,7.0,3,,,18.4,31.0,False,True,
BEL23,2023,Belgian Grand Prix,Spa-Francorchamps,ZHO,Alfa Romeo,33,17,111.506,SOFT,8.0,3,,,18.5,29.7,False,True,
BEL23,2023,Belgian Grand Prix,Spa-Francorchamps,ZHO,Alfa Romeo,34,16,112.052,SOFT,9.0,3,,,18.4,29.3,False,True,
BEL23,2023,Belgian Grand Prix,Spa-Francorchamps,ZHO,Alfa Romeo,35,16,112.507,SOFT,10.0,3,,,18.8,30.7,False,True,
BEL23,2023,Belgian Grand Prix,Spa-Francorchamps,ZHO,Alfa Romeo,36,16,112.809,SOFT,11.0,3,,,18.8,30.7,False,True,
BEL23,2023,Belgian Grand Prix,Spa-Francorchamps,ZHO,Alfa Romeo,37,16,112.981,SOFT,12.0,3,,,18.8,29.1,False,True,
BEL23,2023,Belgian Grand Prix,Spa-Francorchamps,ZHO,Alfa Romeo,38,16,113.446,SOFT,13.0,3,,,18.7,28.8,False,True,
BEL23,2023,Belgian Grand Prix,Spa-Francorchamps,ZHO,Alfa Romeo,39,15,113.017,SOFT,14.0,3,,,18.8,28.8,False,True,
BEL23,2023,Belgian Grand Prix,Spa-Francorchamps,ZHO,Alfa Romeo,40,14,111.884,SOFT,15.0,3,,,19.0,29.9,False,True,
BEL23,2023,Belgian Grand Prix,Spa-Francorchamps,ZHO,Alfa Romeo,41,14,113.108,SOFT,16.0,3,,,19.1,29.7,False,True,
BEL23,2023,Belgian Grand Prix,Spa-Francorchamps,ZHO,Alfa Romeo,42,13,111.69,SOFT,17.0,3,,,19.1,28.9,False,True,
BEL23,2023,Belgian Grand Prix,Spa-Francorchamps,ZHO,Alfa Romeo,43,13,112.023,SOFT,18.0,3,,,18.9,28.4,False,True,
BEL23,2023,Belgian Grand Prix,Spa-Francorchamps,ZHO,Alfa Romeo,44,13,112.006,SOFT,19.0,3,,,18.7,28.3,False,True,
